/*
 Navicat Premium Data Transfer

 Source Server         : docker-mysql
 Source Server Type    : MySQL
 Source Server Version : 80029
 Source Host           : localhost:3306
 Source Schema         : dbMagicAdmin

 Target Server Type    : MySQL
 Target Server Version : 80029
 File Encoding         : 65001

 Date: 17/12/2022 16:27:36
*/

SET NAMES utf8mb4;
SET FOREIGN_KEY_CHECKS = 0;

-- ----------------------------
-- Table structure for api
-- ----------------------------
DROP TABLE IF EXISTS `api`;
CREATE TABLE `api` (
  `id` int unsigned NOT NULL AUTO_INCREMENT COMMENT '主键ID',
  `menuId` int NOT NULL COMMENT '所属菜单id',
  `menuName` varchar(20) CHARACTER SET utf8mb4 COLLATE utf8mb4_general_ci NOT NULL COMMENT '菜单名称',
  `method` varchar(10) CHARACTER SET utf8mb4 COLLATE utf8mb4_general_ci NOT NULL COMMENT '请求类型',
  `name` varchar(20) CHARACTER SET utf8mb4 COLLATE utf8mb4_general_ci NOT NULL COMMENT 'api名称',
  `route` varchar(100) CHARACTER SET utf8mb4 COLLATE utf8mb4_general_ci NOT NULL COMMENT '路由路径',
  `createdAt` timestamp NULL DEFAULT NULL ON UPDATE CURRENT_TIMESTAMP,
  `updatedAt` timestamp NULL DEFAULT NULL,
  `deletedAt` timestamp NULL DEFAULT NULL,
  PRIMARY KEY (`id`) USING BTREE,
  UNIQUE KEY `idx_type_route` (`method`,`route`) USING BTREE COMMENT '路由不能重复',
  KEY `idx_deletedAt` (`deletedAt`) USING BTREE COMMENT '是否删除'
) ENGINE=InnoDB AUTO_INCREMENT=94 DEFAULT CHARSET=utf8mb4 COLLATE=utf8mb4_general_ci ROW_FORMAT=DYNAMIC COMMENT='API接口表';

-- ----------------------------
-- Records of api
-- ----------------------------
BEGIN;
INSERT INTO `api` (`id`, `menuId`, `menuName`, `method`, `name`, `route`, `createdAt`, `updatedAt`, `deletedAt`) VALUES (62, 19, '', 'GET', '获取字典列表', '/dictionaryDetail', '2022-12-11 06:55:18', '2022-12-11 06:55:19', NULL);
INSERT INTO `api` (`id`, `menuId`, `menuName`, `method`, `name`, `route`, `createdAt`, `updatedAt`, `deletedAt`) VALUES (63, 19, '', 'POST', '新增字典详情', '/dictionaryDetail', '2022-12-11 06:55:18', '2022-12-11 06:55:19', NULL);
INSERT INTO `api` (`id`, `menuId`, `menuName`, `method`, `name`, `route`, `createdAt`, `updatedAt`, `deletedAt`) VALUES (65, 19, '', 'PUT', '编辑字典详情', '/dictionaryDetail', '2022-12-11 06:55:18', '2022-12-11 06:55:19', NULL);
INSERT INTO `api` (`id`, `menuId`, `menuName`, `method`, `name`, `route`, `createdAt`, `updatedAt`, `deletedAt`) VALUES (68, 19, '', 'DELETE', '删除字典详情', '/dictionaryDetail/', '2022-12-11 06:55:18', '2022-12-11 06:55:19', NULL);
INSERT INTO `api` (`id`, `menuId`, `menuName`, `method`, `name`, `route`, `createdAt`, `updatedAt`, `deletedAt`) VALUES (69, 19, '', 'GET', '查询字典详情', '/dictionaryDetail/', '2022-12-11 06:55:18', '2022-12-11 06:55:19', NULL);
INSERT INTO `api` (`id`, `menuId`, `menuName`, `method`, `name`, `route`, `createdAt`, `updatedAt`, `deletedAt`) VALUES (73, 18, '', 'GET', '字典目录列表', '/dictionary', '2022-12-11 06:54:46', '2022-12-11 06:54:46', NULL);
INSERT INTO `api` (`id`, `menuId`, `menuName`, `method`, `name`, `route`, `createdAt`, `updatedAt`, `deletedAt`) VALUES (74, 18, '', 'POST', '新增字典目录', '/dictionary', '2022-12-11 06:54:46', '2022-12-11 06:54:46', NULL);
INSERT INTO `api` (`id`, `menuId`, `menuName`, `method`, `name`, `route`, `createdAt`, `updatedAt`, `deletedAt`) VALUES (75, 18, '', 'PUT', '编辑字典目录', '/dictionary', '2022-12-11 06:54:46', '2022-12-11 06:54:46', NULL);
INSERT INTO `api` (`id`, `menuId`, `menuName`, `method`, `name`, `route`, `createdAt`, `updatedAt`, `deletedAt`) VALUES (76, 18, '', 'GET', '查询字典目录', '/dictionary/', '2022-12-11 06:54:46', '2022-12-11 06:54:46', NULL);
INSERT INTO `api` (`id`, `menuId`, `menuName`, `method`, `name`, `route`, `createdAt`, `updatedAt`, `deletedAt`) VALUES (77, 18, '', 'DELETE', '删除字典目录', '/dictionary/', '2022-12-11 06:54:46', '2022-12-11 06:54:46', NULL);
INSERT INTO `api` (`id`, `menuId`, `menuName`, `method`, `name`, `route`, `createdAt`, `updatedAt`, `deletedAt`) VALUES (78, 5, '', 'GET', '菜单列表', '/menus', '2022-10-15 05:03:48', '2022-10-15 05:03:48', NULL);
INSERT INTO `api` (`id`, `menuId`, `menuName`, `method`, `name`, `route`, `createdAt`, `updatedAt`, `deletedAt`) VALUES (79, 5, '', 'POST', '新建菜单', '/menu', '2022-10-15 05:03:48', '2022-10-15 05:03:48', NULL);
INSERT INTO `api` (`id`, `menuId`, `menuName`, `method`, `name`, `route`, `createdAt`, `updatedAt`, `deletedAt`) VALUES (80, 5, '', 'PUT', '编辑菜单', '/menu', '2022-10-15 05:03:48', '2022-10-15 05:03:48', NULL);
INSERT INTO `api` (`id`, `menuId`, `menuName`, `method`, `name`, `route`, `createdAt`, `updatedAt`, `deletedAt`) VALUES (81, 5, '', 'GET', '查询菜单', '/menu/', '2022-10-15 05:03:48', '2022-10-15 05:03:48', NULL);
INSERT INTO `api` (`id`, `menuId`, `menuName`, `method`, `name`, `route`, `createdAt`, `updatedAt`, `deletedAt`) VALUES (82, 5, '', 'DELETE', '删除菜单', '/menu/', '2022-10-15 05:03:48', '2022-10-15 05:03:48', NULL);
COMMIT;

-- ----------------------------
-- Table structure for article
-- ----------------------------
DROP TABLE IF EXISTS `article`;
CREATE TABLE `article` (
  `id` int NOT NULL COMMENT '主键ID',
  `uuid` varchar(100) CHARACTER SET utf8mb4 COLLATE utf8mb4_general_ci NOT NULL COMMENT '用户ID',
  `authName` varchar(255) CHARACTER SET utf8mb4 COLLATE utf8mb4_general_ci NOT NULL COMMENT '作者姓名',
  `title` varchar(40) CHARACTER SET utf8mb4 COLLATE utf8mb4_general_ci NOT NULL COMMENT '文章标题',
  `summary` varchar(50) CHARACTER SET utf8mb4 COLLATE utf8mb4_general_ci NOT NULL COMMENT '文章摘要',
  `content` longtext CHARACTER SET utf8mb4 COLLATE utf8mb4_general_ci NOT NULL COMMENT '文章内容',
  `type` tinyint NOT NULL DEFAULT '1' COMMENT '文章类型：1-图文；2-视频文章',
  `picList` text CHARACTER SET utf8mb4 COLLATE utf8mb4_general_ci COMMENT '图片列表',
  `videoList` text CHARACTER SET utf8mb4 COLLATE utf8mb4_general_ci COMMENT '视频列表',
  `categoryList` varchar(150) CHARACTER SET utf8mb4 COLLATE utf8mb4_general_ci NOT NULL COMMENT '文章分类',
  `markList` varchar(150) CHARACTER SET utf8mb4 COLLATE utf8mb4_general_ci DEFAULT NULL COMMENT '文章标志：置顶，推荐，精华',
  `topicList` varchar(150) CHARACTER SET utf8mb4 COLLATE utf8mb4_general_ci DEFAULT NULL COMMENT '文章话题',
  `tagList` varchar(150) CHARACTER SET utf8mb4 COLLATE utf8mb4_general_ci DEFAULT NULL COMMENT '文章标签',
  `status` tinyint(1) DEFAULT NULL COMMENT '0 - 待审核 ; 1 - 审核通过，线上状态; 2 - 已删除; 3 - 审核不通过',
  `likeNum` int DEFAULT NULL COMMENT '点赞数量',
  `commontNum` int DEFAULT NULL COMMENT '评论数量',
  `hotNum` int DEFAULT NULL COMMENT '热力值（点赞+评论）',
  `ipAddress` varchar(255) CHARACTER SET utf8mb4 COLLATE utf8mb4_general_ci NOT NULL COMMENT '发表ip地址',
  `createdAt` timestamp NULL DEFAULT NULL ON UPDATE CURRENT_TIMESTAMP,
  `updatedAt` timestamp NULL DEFAULT NULL,
  `deletedAt` timestamp NULL DEFAULT NULL,
  PRIMARY KEY (`id`),
  KEY `idx_deletedAt` (`deletedAt`) USING BTREE COMMENT '是否删除'
) ENGINE=InnoDB DEFAULT CHARSET=utf8mb4 COLLATE=utf8mb4_general_ci COMMENT='文章表';

-- ----------------------------
-- Records of article
-- ----------------------------
BEGIN;
COMMIT;

-- ----------------------------
-- Table structure for authority
-- ----------------------------
DROP TABLE IF EXISTS `authority`;
CREATE TABLE `authority` (
  `id` int unsigned NOT NULL AUTO_INCREMENT COMMENT '角色ID',
  `name` varchar(40) CHARACTER SET utf8mb4 COLLATE utf8mb4_general_ci NOT NULL COMMENT '角色名',
  `pid` int DEFAULT NULL COMMENT '父角色ID',
  `defaultRouter` varchar(255) CHARACTER SET utf8mb4 COLLATE utf8mb4_general_ci NOT NULL DEFAULT 'dashboard' COMMENT '默认菜单',
  `menuIds` varchar(255) CHARACTER SET utf8mb4 COLLATE utf8mb4_general_ci NOT NULL COMMENT '菜单ID字符串拼接',
  `apiIds` varchar(255) CHARACTER SET utf8mb4 COLLATE utf8mb4_general_ci DEFAULT NULL COMMENT 'API权限ID字符串',
  `extAuth` varchar(255) CHARACTER SET utf8mb4 COLLATE utf8mb4_general_ci DEFAULT NULL COMMENT '其他权限',
  `desc` varchar(255) CHARACTER SET utf8mb4 COLLATE utf8mb4_general_ci DEFAULT NULL COMMENT '角色描述',
  `createdAt` datetime DEFAULT NULL,
  `updatedAt` datetime DEFAULT NULL,
  `deletedAt` datetime DEFAULT NULL,
  PRIMARY KEY (`id`) USING BTREE,
  KEY `idx_name` (`name`) USING BTREE,
  KEY `idx_deletedAt` (`deletedAt`) USING BTREE COMMENT '是否删除'
) ENGINE=InnoDB AUTO_INCREMENT=9 DEFAULT CHARSET=utf8mb4 COLLATE=utf8mb4_general_ci ROW_FORMAT=DYNAMIC COMMENT='角色表';

-- ----------------------------
-- Records of authority
-- ----------------------------
BEGIN;
INSERT INTO `authority` (`id`, `name`, `pid`, `defaultRouter`, `menuIds`, `apiIds`, `extAuth`, `desc`, `createdAt`, `updatedAt`, `deletedAt`) VALUES (1, '超级管理员', 0, 'dashboard', '1,3,5,6,18,19,4,7,16,11,20,38,39,2,8', '78,79,80,81,82,73,74,75,76,77,62,63,65,68,69', NULL, '拥有全部权限', '2021-11-22 17:07:02', '2022-12-11 05:26:36', NULL);
INSERT INTO `authority` (`id`, `name`, `pid`, `defaultRouter`, `menuIds`, `apiIds`, `extAuth`, `desc`, `createdAt`, `updatedAt`, `deletedAt`) VALUES (2, '开发人员', 1, 'dashboard', '1,2,3,4,5,6,7,11,16,18,19,20,8', '78,79,80,81,82,73,74,75,76,77,62,63,65,68,69', NULL, '开发人员权限', '2021-11-22 17:07:02', '2022-10-23 05:12:32', NULL);
INSERT INTO `authority` (`id`, `name`, `pid`, `defaultRouter`, `menuIds`, `apiIds`, `extAuth`, `desc`, `createdAt`, `updatedAt`, `deletedAt`) VALUES (3, '测试人员', 1, 'dashboard', '1,2,3,4,7,20,8', NULL, NULL, '测试人员权限', '2021-11-22 17:07:02', '2022-10-15 05:19:38', NULL);
INSERT INTO `authority` (`id`, `name`, `pid`, `defaultRouter`, `menuIds`, `apiIds`, `extAuth`, `desc`, `createdAt`, `updatedAt`, `deletedAt`) VALUES (6, '产品同学', 0, '', '1,2,3,4,5,6,7,11,16,18,19,20,8', NULL, NULL, '产品同学权限', '2022-10-01 13:35:31', '2022-10-15 05:19:48', NULL);
COMMIT;

-- ----------------------------
-- Table structure for casbin
-- ----------------------------
DROP TABLE IF EXISTS `casbin`;
CREATE TABLE `casbin` (
  `id` bigint unsigned NOT NULL AUTO_INCREMENT,
  `ptype` varchar(100) CHARACTER SET utf8mb4 COLLATE utf8mb4_general_ci DEFAULT NULL,
  `v0` varchar(100) CHARACTER SET utf8mb4 COLLATE utf8mb4_general_ci DEFAULT NULL,
  `v1` varchar(100) CHARACTER SET utf8mb4 COLLATE utf8mb4_general_ci DEFAULT NULL,
  `v2` varchar(100) CHARACTER SET utf8mb4 COLLATE utf8mb4_general_ci DEFAULT NULL,
  `v3` varchar(100) CHARACTER SET utf8mb4 COLLATE utf8mb4_general_ci DEFAULT NULL,
  `v4` varchar(100) CHARACTER SET utf8mb4 COLLATE utf8mb4_general_ci DEFAULT NULL,
  `v5` varchar(100) CHARACTER SET utf8mb4 COLLATE utf8mb4_general_ci DEFAULT NULL,
  PRIMARY KEY (`id`),
  UNIQUE KEY `idx_casbin` (`ptype`,`v0`,`v1`,`v2`,`v3`,`v4`,`v5`)
) ENGINE=InnoDB AUTO_INCREMENT=91 DEFAULT CHARSET=utf8mb4 COLLATE=utf8mb4_general_ci COMMENT='鉴权表';

-- ----------------------------
-- Records of casbin
-- ----------------------------
BEGIN;
INSERT INTO `casbin` (`id`, `ptype`, `v0`, `v1`, `v2`, `v3`, `v4`, `v5`) VALUES (85, 'p', '1', 'DELETE', '/dictionary/', '', '', '');
INSERT INTO `casbin` (`id`, `ptype`, `v0`, `v1`, `v2`, `v3`, `v4`, `v5`) VALUES (79, 'p', '1', 'DELETE', '/dictionaryDetail/', '', '', '');
INSERT INTO `casbin` (`id`, `ptype`, `v0`, `v1`, `v2`, `v3`, `v4`, `v5`) VALUES (90, 'p', '1', 'DELETE', '/menu/', '', '', '');
INSERT INTO `casbin` (`id`, `ptype`, `v0`, `v1`, `v2`, `v3`, `v4`, `v5`) VALUES (81, 'p', '1', 'GET', '/dictionary', '', '', '');
INSERT INTO `casbin` (`id`, `ptype`, `v0`, `v1`, `v2`, `v3`, `v4`, `v5`) VALUES (84, 'p', '1', 'GET', '/dictionary/', '', '', '');
INSERT INTO `casbin` (`id`, `ptype`, `v0`, `v1`, `v2`, `v3`, `v4`, `v5`) VALUES (76, 'p', '1', 'GET', '/dictionaryDetail', '', '', '');
INSERT INTO `casbin` (`id`, `ptype`, `v0`, `v1`, `v2`, `v3`, `v4`, `v5`) VALUES (80, 'p', '1', 'GET', '/dictionaryDetail/', '', '', '');
INSERT INTO `casbin` (`id`, `ptype`, `v0`, `v1`, `v2`, `v3`, `v4`, `v5`) VALUES (89, 'p', '1', 'GET', '/menu/', '', '', '');
INSERT INTO `casbin` (`id`, `ptype`, `v0`, `v1`, `v2`, `v3`, `v4`, `v5`) VALUES (86, 'p', '1', 'GET', '/menus', '', '', '');
INSERT INTO `casbin` (`id`, `ptype`, `v0`, `v1`, `v2`, `v3`, `v4`, `v5`) VALUES (82, 'p', '1', 'POST', '/dictionary', '', '', '');
INSERT INTO `casbin` (`id`, `ptype`, `v0`, `v1`, `v2`, `v3`, `v4`, `v5`) VALUES (77, 'p', '1', 'POST', '/dictionaryDetail', '', '', '');
INSERT INTO `casbin` (`id`, `ptype`, `v0`, `v1`, `v2`, `v3`, `v4`, `v5`) VALUES (87, 'p', '1', 'POST', '/menu', '', '', '');
INSERT INTO `casbin` (`id`, `ptype`, `v0`, `v1`, `v2`, `v3`, `v4`, `v5`) VALUES (83, 'p', '1', 'PUT', '/dictionary', '', '', '');
INSERT INTO `casbin` (`id`, `ptype`, `v0`, `v1`, `v2`, `v3`, `v4`, `v5`) VALUES (78, 'p', '1', 'PUT', '/dictionaryDetail', '', '', '');
INSERT INTO `casbin` (`id`, `ptype`, `v0`, `v1`, `v2`, `v3`, `v4`, `v5`) VALUES (88, 'p', '1', 'PUT', '/menu', '', '', '');
INSERT INTO `casbin` (`id`, `ptype`, `v0`, `v1`, `v2`, `v3`, `v4`, `v5`) VALUES (25, 'p', '2', 'DELETE', '/dictionary/', '', '', '');
INSERT INTO `casbin` (`id`, `ptype`, `v0`, `v1`, `v2`, `v3`, `v4`, `v5`) VALUES (19, 'p', '2', 'DELETE', '/dictionaryDetail/', '', '', '');
INSERT INTO `casbin` (`id`, `ptype`, `v0`, `v1`, `v2`, `v3`, `v4`, `v5`) VALUES (30, 'p', '2', 'DELETE', '/menu/', '', '', '');
INSERT INTO `casbin` (`id`, `ptype`, `v0`, `v1`, `v2`, `v3`, `v4`, `v5`) VALUES (21, 'p', '2', 'GET', '/dictionary', '', '', '');
INSERT INTO `casbin` (`id`, `ptype`, `v0`, `v1`, `v2`, `v3`, `v4`, `v5`) VALUES (24, 'p', '2', 'GET', '/dictionary/', '', '', '');
INSERT INTO `casbin` (`id`, `ptype`, `v0`, `v1`, `v2`, `v3`, `v4`, `v5`) VALUES (16, 'p', '2', 'GET', '/dictionaryDetail', '', '', '');
INSERT INTO `casbin` (`id`, `ptype`, `v0`, `v1`, `v2`, `v3`, `v4`, `v5`) VALUES (20, 'p', '2', 'GET', '/dictionaryDetail/', '', '', '');
INSERT INTO `casbin` (`id`, `ptype`, `v0`, `v1`, `v2`, `v3`, `v4`, `v5`) VALUES (29, 'p', '2', 'GET', '/menu/', '', '', '');
INSERT INTO `casbin` (`id`, `ptype`, `v0`, `v1`, `v2`, `v3`, `v4`, `v5`) VALUES (26, 'p', '2', 'GET', '/menus', '', '', '');
INSERT INTO `casbin` (`id`, `ptype`, `v0`, `v1`, `v2`, `v3`, `v4`, `v5`) VALUES (22, 'p', '2', 'POST', '/dictionary', '', '', '');
INSERT INTO `casbin` (`id`, `ptype`, `v0`, `v1`, `v2`, `v3`, `v4`, `v5`) VALUES (17, 'p', '2', 'POST', '/dictionaryDetail', '', '', '');
INSERT INTO `casbin` (`id`, `ptype`, `v0`, `v1`, `v2`, `v3`, `v4`, `v5`) VALUES (27, 'p', '2', 'POST', '/menu', '', '', '');
INSERT INTO `casbin` (`id`, `ptype`, `v0`, `v1`, `v2`, `v3`, `v4`, `v5`) VALUES (23, 'p', '2', 'PUT', '/dictionary', '', '', '');
INSERT INTO `casbin` (`id`, `ptype`, `v0`, `v1`, `v2`, `v3`, `v4`, `v5`) VALUES (18, 'p', '2', 'PUT', '/dictionaryDetail', '', '', '');
INSERT INTO `casbin` (`id`, `ptype`, `v0`, `v1`, `v2`, `v3`, `v4`, `v5`) VALUES (28, 'p', '2', 'PUT', '/menu', '', '', '');
COMMIT;

-- ----------------------------
-- Table structure for dictionary
-- ----------------------------
DROP TABLE IF EXISTS `dictionary`;
CREATE TABLE `dictionary` (
  `id` int unsigned NOT NULL AUTO_INCREMENT COMMENT '主键ID',
  `pid` int DEFAULT NULL COMMENT '父级ID',
  `name` varchar(20) CHARACTER SET utf8mb4 COLLATE utf8mb4_general_ci NOT NULL COMMENT '中文名',
  `value` varchar(20) CHARACTER SET utf8mb4 COLLATE utf8mb4_general_ci NOT NULL COMMENT 'val值',
  `super` tinyint NOT NULL DEFAULT '0' COMMENT '超管才有权限 1-有 2-无',
  `sort` int NOT NULL DEFAULT '50' COMMENT '排序',
  `desc` varchar(40) CHARACTER SET utf8mb4 COLLATE utf8mb4_general_ci DEFAULT NULL COMMENT '描述',
  `createdAt` timestamp NULL DEFAULT NULL ON UPDATE CURRENT_TIMESTAMP,
  `updatedAt` timestamp NULL DEFAULT NULL,
  `deletedAt` timestamp NULL DEFAULT NULL,
  PRIMARY KEY (`id`) USING BTREE,
  UNIQUE KEY `idx_val` (`value`) USING BTREE COMMENT '字典目录val唯一',
  KEY `idx_deletedAt` (`deletedAt`) COMMENT '是否删除'
) ENGINE=InnoDB AUTO_INCREMENT=29 DEFAULT CHARSET=utf8mb4 COLLATE=utf8mb4_general_ci ROW_FORMAT=DYNAMIC COMMENT='字典目录表';

-- ----------------------------
-- Records of dictionary
-- ----------------------------
BEGIN;
INSERT INTO `dictionary` (`id`, `pid`, `name`, `value`, `super`, `sort`, `desc`, `createdAt`, `updatedAt`, `deletedAt`) VALUES (9, 0, '菜单权限类型', 'powerType', 2, 50, '菜单权限类型', '2022-10-01 05:40:34', '2022-12-17 07:41:20', NULL);
INSERT INTO `dictionary` (`id`, `pid`, `name`, `value`, `super`, `sort`, `desc`, `createdAt`, `updatedAt`, `deletedAt`) VALUES (16, 0, '人员身份类型', 'idType', 2, 50, '人员身份类型', '2022-10-01 05:40:15', '2022-12-16 12:23:24', NULL);
INSERT INTO `dictionary` (`id`, `pid`, `name`, `value`, `super`, `sort`, `desc`, `createdAt`, `updatedAt`, `deletedAt`) VALUES (24, 0, '文章分类', 'category', 2, 50, '社区-文章分类', '2022-12-11 06:06:11', '2022-12-17 07:40:51', NULL);
INSERT INTO `dictionary` (`id`, `pid`, `name`, `value`, `super`, `sort`, `desc`, `createdAt`, `updatedAt`, `deletedAt`) VALUES (25, 0, '文章标记', 'mark', 2, 50, '社区-文章标记', '2022-12-11 06:18:48', '2022-12-17 07:40:54', NULL);
INSERT INTO `dictionary` (`id`, `pid`, `name`, `value`, `super`, `sort`, `desc`, `createdAt`, `updatedAt`, `deletedAt`) VALUES (26, 0, '文章标签', 'tag', 2, 50, '文章标签', '2022-12-11 07:08:00', '2022-12-17 07:57:08', NULL);
INSERT INTO `dictionary` (`id`, `pid`, `name`, `value`, `super`, `sort`, `desc`, `createdAt`, `updatedAt`, `deletedAt`) VALUES (27, 0, '话题标签', 'topic', 0, 50, '话题标签', '2022-12-17 07:45:27', '2022-12-17 07:45:27', NULL);
INSERT INTO `dictionary` (`id`, `pid`, `name`, `value`, `super`, `sort`, `desc`, `createdAt`, `updatedAt`, `deletedAt`) VALUES (28, 0, 'werqwer', 'sadfasdf', 0, 50, '', '2022-12-17 08:14:12', '2022-12-17 08:14:04', '2022-12-17 08:14:12');
COMMIT;

-- ----------------------------
-- Table structure for dictionaryDetail
-- ----------------------------
DROP TABLE IF EXISTS `dictionaryDetail`;
CREATE TABLE `dictionaryDetail` (
  `id` int unsigned NOT NULL AUTO_INCREMENT,
  `pid` int DEFAULT NULL COMMENT '所属目录ID',
  `name` varchar(20) CHARACTER SET utf8mb4 COLLATE utf8mb4_general_ci NOT NULL COMMENT '中文名',
  `value` varchar(20) CHARACTER SET utf8mb4 COLLATE utf8mb4_general_ci NOT NULL COMMENT 'val值',
  `super` tinyint NOT NULL DEFAULT '0' COMMENT '是否只有超管才有权限',
  `sort` int NOT NULL DEFAULT '50' COMMENT '排序',
  `desc` varchar(40) CHARACTER SET utf8mb4 COLLATE utf8mb4_general_ci DEFAULT NULL COMMENT '描述',
  `createdAt` timestamp NULL DEFAULT NULL ON UPDATE CURRENT_TIMESTAMP,
  `updatedAt` timestamp NULL DEFAULT NULL,
  `deletedAt` timestamp NULL DEFAULT NULL,
  PRIMARY KEY (`id`) USING BTREE,
  UNIQUE KEY `index_pid_value` (`pid`,`value`) USING BTREE COMMENT '同一个字典目录下值不能重复',
  KEY `index_pid` (`pid`) USING BTREE COMMENT '查询索引',
  KEY `idx_deletedAt` (`deletedAt`) USING BTREE COMMENT '是否删除'
) ENGINE=InnoDB AUTO_INCREMENT=25 DEFAULT CHARSET=utf8mb4 COLLATE=utf8mb4_general_ci ROW_FORMAT=DYNAMIC COMMENT='字典详情表';

-- ----------------------------
-- Records of dictionaryDetail
-- ----------------------------
BEGIN;
INSERT INTO `dictionaryDetail` (`id`, `pid`, `name`, `value`, `super`, `sort`, `desc`, `createdAt`, `updatedAt`, `deletedAt`) VALUES (7, 9, '数据权限', 'dataPower', 1, 50, '用户是否拥有某一个字段的权限', '2022-10-01 05:26:33', '2022-10-01 05:26:33', NULL);
INSERT INTO `dictionaryDetail` (`id`, `pid`, `name`, `value`, `super`, `sort`, `desc`, `createdAt`, `updatedAt`, `deletedAt`) VALUES (8, 9, '按钮权限', 'btnPower', 1, 50, '用户在这个页面上按钮是否显示', '2022-10-01 09:51:49', '2022-10-01 09:51:49', NULL);
INSERT INTO `dictionaryDetail` (`id`, `pid`, `name`, `value`, `super`, `sort`, `desc`, `createdAt`, `updatedAt`, `deletedAt`) VALUES (9, 16, '外发PM', 'PM', 1, 50, '外发PM', '2022-10-01 05:18:53', '2022-10-01 05:18:53', NULL);
INSERT INTO `dictionaryDetail` (`id`, `pid`, `name`, `value`, `super`, `sort`, `desc`, `createdAt`, `updatedAt`, `deletedAt`) VALUES (10, 16, '跟进产品', 'pm2', 1, 50, '跟进产品', '2022-12-11 06:28:26', '2022-10-01 09:53:21', NULL);
INSERT INTO `dictionaryDetail` (`id`, `pid`, `name`, `value`, `super`, `sort`, `desc`, `createdAt`, `updatedAt`, `deletedAt`) VALUES (12, 24, '推荐', '1', 2, 50, '推荐', '2022-12-11 06:15:15', '2022-12-11 06:15:15', NULL);
INSERT INTO `dictionaryDetail` (`id`, `pid`, `name`, `value`, `super`, `sort`, `desc`, `createdAt`, `updatedAt`, `deletedAt`) VALUES (13, 24, '动态', '2', 0, 50, '动态', '2022-12-11 06:15:30', '2022-12-11 06:17:14', NULL);
INSERT INTO `dictionaryDetail` (`id`, `pid`, `name`, `value`, `super`, `sort`, `desc`, `createdAt`, `updatedAt`, `deletedAt`) VALUES (14, 24, '资讯', '3', 0, 50, '资讯', '2022-12-11 06:17:23', '2022-12-11 06:17:23', NULL);
INSERT INTO `dictionaryDetail` (`id`, `pid`, `name`, `value`, `super`, `sort`, `desc`, `createdAt`, `updatedAt`, `deletedAt`) VALUES (15, 24, '时尚', '4', 0, 50, '时尚', '2022-12-11 06:17:36', '2022-12-11 06:17:36', NULL);
INSERT INTO `dictionaryDetail` (`id`, `pid`, `name`, `value`, `super`, `sort`, `desc`, `createdAt`, `updatedAt`, `deletedAt`) VALUES (16, 25, '置顶', '1', 0, 50, '置顶', '2022-12-11 06:30:43', '2022-12-11 06:30:43', NULL);
INSERT INTO `dictionaryDetail` (`id`, `pid`, `name`, `value`, `super`, `sort`, `desc`, `createdAt`, `updatedAt`, `deletedAt`) VALUES (17, 25, '推荐', '2', 0, 50, '推荐', '2022-12-11 07:05:39', '2022-12-11 07:05:39', NULL);
INSERT INTO `dictionaryDetail` (`id`, `pid`, `name`, `value`, `super`, `sort`, `desc`, `createdAt`, `updatedAt`, `deletedAt`) VALUES (18, 25, '精华', '3', 0, 50, '精华', '2022-12-11 07:05:51', '2022-12-11 07:05:51', NULL);
INSERT INTO `dictionaryDetail` (`id`, `pid`, `name`, `value`, `super`, `sort`, `desc`, `createdAt`, `updatedAt`, `deletedAt`) VALUES (19, 26, '时尚', '1', 2, 50, '时尚', '2022-12-11 07:09:13', '2022-12-11 07:09:13', NULL);
INSERT INTO `dictionaryDetail` (`id`, `pid`, `name`, `value`, `super`, `sort`, `desc`, `createdAt`, `updatedAt`, `deletedAt`) VALUES (20, 26, '技术', '2', 0, 50, '技术', '2022-12-11 07:09:21', '2022-12-11 07:09:21', NULL);
INSERT INTO `dictionaryDetail` (`id`, `pid`, `name`, `value`, `super`, `sort`, `desc`, `createdAt`, `updatedAt`, `deletedAt`) VALUES (21, 26, 'IT', '3', 0, 50, 'IT', '2022-12-11 07:09:37', '2022-12-11 07:09:37', NULL);
INSERT INTO `dictionaryDetail` (`id`, `pid`, `name`, `value`, `super`, `sort`, `desc`, `createdAt`, `updatedAt`, `deletedAt`) VALUES (22, 27, '健身对你意味着什么', '1', 0, 50, '', '2022-12-17 07:49:08', '2022-12-17 07:55:21', NULL);
INSERT INTO `dictionaryDetail` (`id`, `pid`, `name`, `value`, `super`, `sort`, `desc`, `createdAt`, `updatedAt`, `deletedAt`) VALUES (23, 27, '你的防疫策略', '2', 0, 50, '', '2022-12-17 07:55:15', '2022-12-17 07:55:15', NULL);
INSERT INTO `dictionaryDetail` (`id`, `pid`, `name`, `value`, `super`, `sort`, `desc`, `createdAt`, `updatedAt`, `deletedAt`) VALUES (24, 27, '年度电影台词', '3', 0, 50, '', '2022-12-17 07:55:42', '2022-12-17 07:55:55', NULL);
COMMIT;

-- ----------------------------
-- Table structure for extAuth
-- ----------------------------
DROP TABLE IF EXISTS `extAuth`;
CREATE TABLE `extAuth` (
  `id` int unsigned NOT NULL AUTO_INCREMENT,
  `menuId` int NOT NULL,
  `menuName` varchar(40) CHARACTER SET utf8mb4 COLLATE utf8mb4_general_ci DEFAULT NULL,
  `type` tinyint(1) NOT NULL COMMENT '权限类型:按钮权限，数据权限',
  `name` varchar(40) CHARACTER SET utf8mb4 COLLATE utf8mb4_general_ci NOT NULL COMMENT '权限中文名',
  `val` varchar(200) CHARACTER SET utf8mb4 COLLATE utf8mb4_general_ci NOT NULL COMMENT '字段值',
  `createdAt` timestamp NULL DEFAULT NULL ON UPDATE CURRENT_TIMESTAMP,
  `updatedAt` timestamp NULL DEFAULT NULL,
  `deletedAt` timestamp NULL DEFAULT NULL,
  PRIMARY KEY (`id`) USING BTREE,
  KEY `idx_deletedAt` (`deletedAt`) USING BTREE COMMENT '是否删除'
) ENGINE=InnoDB DEFAULT CHARSET=utf8mb4 COLLATE=utf8mb4_general_ci COMMENT='拓展权限';

-- ----------------------------
-- Records of extAuth
-- ----------------------------
BEGIN;
COMMIT;

-- ----------------------------
-- Table structure for mediaFiles
-- ----------------------------
DROP TABLE IF EXISTS `mediaFiles`;
CREATE TABLE `mediaFiles` (
  `id` int unsigned NOT NULL AUTO_INCREMENT,
  `name` varchar(40) CHARACTER SET utf8mb4 COLLATE utf8mb4_general_ci NOT NULL COMMENT '文件名',
  `url` varchar(255) CHARACTER SET utf8mb4 COLLATE utf8mb4_general_ci NOT NULL COMMENT '文件地址',
  `tag` varchar(255) CHARACTER SET utf8mb4 COLLATE utf8mb4_general_ci NOT NULL COMMENT '文件标签',
  `key` varchar(255) CHARACTER SET utf8mb4 COLLATE utf8mb4_general_ci NOT NULL COMMENT '文件编号',
  `createdAt` timestamp NULL DEFAULT NULL ON UPDATE CURRENT_TIMESTAMP,
  `updatedAt` timestamp NULL DEFAULT NULL,
  `deletedAt` timestamp NULL DEFAULT NULL,
  PRIMARY KEY (`id`) USING BTREE,
  KEY `idx_deletedAt` (`deletedAt`) USING BTREE COMMENT '是否删除'
) ENGINE=InnoDB AUTO_INCREMENT=2 DEFAULT CHARSET=utf8mb4 COLLATE=utf8mb4_general_ci COMMENT='媒体文件';

-- ----------------------------
-- Records of mediaFiles
-- ----------------------------
BEGIN;
INSERT INTO `mediaFiles` (`id`, `name`, `url`, `tag`, `key`, `createdAt`, `updatedAt`, `deletedAt`) VALUES (1, '1', 'https://i.postimg.cc/Wb026mfD/logo.jpg', '1', '1', '2022-10-23 14:02:24', NULL, NULL);
COMMIT;

-- ----------------------------
-- Table structure for menu
-- ----------------------------
DROP TABLE IF EXISTS `menu`;
CREATE TABLE `menu` (
  `id` int unsigned NOT NULL AUTO_INCREMENT,
  `parentId` int NOT NULL COMMENT '父菜单ID',
  `icon` varchar(20) CHARACTER SET utf8mb4 COLLATE utf8mb4_general_ci NOT NULL COMMENT '菜单图标',
  `title` varchar(40) CHARACTER SET utf8mb4 COLLATE utf8mb4_general_ci NOT NULL COMMENT '菜单名称',
  `path` varchar(40) CHARACTER SET utf8mb4 COLLATE utf8mb4_general_ci NOT NULL COMMENT '路由path',
  `name` varchar(40) CHARACTER SET utf8mb4 COLLATE utf8mb4_general_ci NOT NULL COMMENT '路由name',
  `hidden` tinyint(1) NOT NULL DEFAULT '0' COMMENT '菜单不显示，且tab栏失焦自动关闭',
  `component` varchar(255) CHARACTER SET utf8mb4 COLLATE utf8mb4_general_ci NOT NULL COMMENT '对应前端文件路径',
  `sort` int NOT NULL COMMENT '排序标记',
  `apis` varchar(255) CHARACTER SET utf8mb4 COLLATE utf8mb4_general_ci DEFAULT NULL COMMENT 'API权限',
  `extAuth` varchar(255) CHARACTER SET utf8mb4 COLLATE utf8mb4_general_ci DEFAULT NULL COMMENT '拓展权限',
  `createdAt` timestamp NULL DEFAULT NULL ON UPDATE CURRENT_TIMESTAMP,
  `updatedAt` timestamp NULL DEFAULT NULL,
  `deletedAt` timestamp NULL DEFAULT NULL,
  PRIMARY KEY (`id`) USING BTREE,
  KEY `idx_deletedAt` (`deletedAt`) USING BTREE COMMENT '是否删除',
  KEY `idx_sort` (`sort`) USING BTREE COMMENT '排序'
) ENGINE=InnoDB AUTO_INCREMENT=40 DEFAULT CHARSET=utf8mb4 COLLATE=utf8mb4_general_ci ROW_FORMAT=DYNAMIC COMMENT='管理端菜单';

-- ----------------------------
-- Records of menu
-- ----------------------------
BEGIN;
INSERT INTO `menu` (`id`, `parentId`, `icon`, `title`, `path`, `name`, `hidden`, `component`, `sort`, `apis`, `extAuth`, `createdAt`, `updatedAt`, `deletedAt`) VALUES (1, 0, 'home-filled', '仪表盘', 'dashboard', 'dashboard', 0, 'view/dashboard/index.vue', 1, '[]', '[]', '2022-10-01 05:45:00', '2022-10-01 05:45:00', NULL);
INSERT INTO `menu` (`id`, `parentId`, `icon`, `title`, `path`, `name`, `hidden`, `component`, `sort`, `apis`, `extAuth`, `createdAt`, `updatedAt`, `deletedAt`) VALUES (2, 0, 'message', '关于我们', 'about', 'about', 0, 'view/about/index.vue', 4, NULL, NULL, '2022-10-15 13:37:41', '2022-10-15 13:37:42', NULL);
INSERT INTO `menu` (`id`, `parentId`, `icon`, `title`, `path`, `name`, `hidden`, `component`, `sort`, `apis`, `extAuth`, `createdAt`, `updatedAt`, `deletedAt`) VALUES (3, 0, 'user', '系统管理', 'admin', 'superAdmin', 0, 'view/superAdmin/index.vue', 2, '', NULL, '2022-10-15 05:13:17', '2022-10-15 05:13:18', NULL);
INSERT INTO `menu` (`id`, `parentId`, `icon`, `title`, `path`, `name`, `hidden`, `component`, `sort`, `apis`, `extAuth`, `createdAt`, `updatedAt`, `deletedAt`) VALUES (4, 3, 'hot-water', '角色管理', 'authority', 'authority', 0, 'view/superAdmin/authority/authority.vue', 4, NULL, '[{\"type\":\"type\",\"name\":\"设置权限\",\"val\":\"setAuth\"}]', '2022-10-15 05:04:25', '2022-10-15 05:04:26', NULL);
INSERT INTO `menu` (`id`, `parentId`, `icon`, `title`, `path`, `name`, `hidden`, `component`, `sort`, `apis`, `extAuth`, `createdAt`, `updatedAt`, `deletedAt`) VALUES (5, 3, 'menu', '菜单管理', 'menu', 'menu', 0, 'view/superAdmin/menu/menu.vue', 1, NULL, NULL, '2022-10-15 05:03:48', '2022-10-15 05:03:48', NULL);
INSERT INTO `menu` (`id`, `parentId`, `icon`, `title`, `path`, `name`, `hidden`, `component`, `sort`, `apis`, `extAuth`, `createdAt`, `updatedAt`, `deletedAt`) VALUES (6, 3, 'filter', 'API管理', 'api', 'api', 0, 'view/superAdmin/api/api.vue', 2, NULL, NULL, '2022-10-15 05:05:07', '2022-10-15 05:05:07', NULL);
INSERT INTO `menu` (`id`, `parentId`, `icon`, `title`, `path`, `name`, `hidden`, `component`, `sort`, `apis`, `extAuth`, `createdAt`, `updatedAt`, `deletedAt`) VALUES (7, 3, 'coordinate', '用户管理', 'user', 'user', 0, 'view/superAdmin/user/user.vue', 5, NULL, NULL, '2022-10-15 05:04:40', '2022-10-15 05:04:41', NULL);
INSERT INTO `menu` (`id`, `parentId`, `icon`, `title`, `path`, `name`, `hidden`, `component`, `sort`, `apis`, `extAuth`, `createdAt`, `updatedAt`, `deletedAt`) VALUES (8, 0, 'basketball', '个人信息', 'person', 'person', 1, 'view/person/person.vue', 5, NULL, NULL, '2022-10-15 13:37:47', '2022-10-15 13:37:47', NULL);
INSERT INTO `menu` (`id`, `parentId`, `icon`, `title`, `path`, `name`, `hidden`, `component`, `sort`, `apis`, `extAuth`, `createdAt`, `updatedAt`, `deletedAt`) VALUES (9, 0, 'chat-square', '示例文件', 'example', 'example', 0, 'view/example/index.vue', 6, NULL, NULL, '2022-10-15 04:57:06', NULL, '2022-10-15 04:57:06');
INSERT INTO `menu` (`id`, `parentId`, `icon`, `title`, `path`, `name`, `hidden`, `component`, `sort`, `apis`, `extAuth`, `createdAt`, `updatedAt`, `deletedAt`) VALUES (10, 9, 'chat-line-square', 'excel导入导出', 'excel', 'excel', 0, 'view/example/excel/excel.vue', 4, NULL, NULL, '2022-10-15 04:56:56', NULL, '2022-10-15 04:56:56');
INSERT INTO `menu` (`id`, `parentId`, `icon`, `title`, `path`, `name`, `hidden`, `component`, `sort`, `apis`, `extAuth`, `createdAt`, `updatedAt`, `deletedAt`) VALUES (11, 3, 'upload', '媒体库', 'upload', 'upload', 0, 'view/superAdmin/upload/upload.vue', 7, NULL, NULL, '2022-10-15 05:05:49', '2022-10-15 05:05:50', NULL);
INSERT INTO `menu` (`id`, `parentId`, `icon`, `title`, `path`, `name`, `hidden`, `component`, `sort`, `apis`, `extAuth`, `createdAt`, `updatedAt`, `deletedAt`) VALUES (12, 9, 'upload', '断点续传', 'breakpoint', 'breakpoint', 0, 'view/example/breakpoint/breakpoint.vue', 6, NULL, NULL, '2022-10-15 04:56:59', NULL, '2022-10-15 04:56:59');
INSERT INTO `menu` (`id`, `parentId`, `icon`, `title`, `path`, `name`, `hidden`, `component`, `sort`, `apis`, `extAuth`, `createdAt`, `updatedAt`, `deletedAt`) VALUES (13, 9, 'coffee-cup', '客户列表（资源示例）', 'customer', 'customer', 0, 'view/example/customer/customer.vue', 7, NULL, NULL, '2022-10-15 04:57:02', NULL, '2022-10-15 04:57:02');
INSERT INTO `menu` (`id`, `parentId`, `icon`, `title`, `path`, `name`, `hidden`, `component`, `sort`, `apis`, `extAuth`, `createdAt`, `updatedAt`, `deletedAt`) VALUES (14, 0, 'briefcase', '系统工具', 'systemTools', 'systemTools', 0, 'view/systemTools/index.vue', 5, NULL, NULL, '2022-10-15 04:58:16', NULL, '2022-10-15 04:58:17');
INSERT INTO `menu` (`id`, `parentId`, `icon`, `title`, `path`, `name`, `hidden`, `component`, `sort`, `apis`, `extAuth`, `createdAt`, `updatedAt`, `deletedAt`) VALUES (15, 14, 'cpu', '代码生成器', 'autoCode', 'autoCode', 0, 'view/systemTools/autoCode/index.vue', 1, NULL, NULL, '2022-10-15 04:58:08', NULL, '2022-10-15 04:58:09');
INSERT INTO `menu` (`id`, `parentId`, `icon`, `title`, `path`, `name`, `hidden`, `component`, `sort`, `apis`, `extAuth`, `createdAt`, `updatedAt`, `deletedAt`) VALUES (16, 3, 'magic-stick', '表单生成器', 'formCreate', 'formCreate', 0, 'view/superAdmin/formCreate/index.vue', 6, NULL, NULL, '2022-10-15 05:05:40', '2022-10-15 05:05:41', NULL);
INSERT INTO `menu` (`id`, `parentId`, `icon`, `title`, `path`, `name`, `hidden`, `component`, `sort`, `apis`, `extAuth`, `createdAt`, `updatedAt`, `deletedAt`) VALUES (17, 14, 'film', '系统配置', 'system', 'system', 0, 'view/systemTools/system/system.vue', 3, NULL, NULL, '2022-10-15 04:58:05', NULL, '2022-10-15 04:58:06');
INSERT INTO `menu` (`id`, `parentId`, `icon`, `title`, `path`, `name`, `hidden`, `component`, `sort`, `apis`, `extAuth`, `createdAt`, `updatedAt`, `deletedAt`) VALUES (18, 3, 'files', '字典管理', 'dictionary', 'dictionary', 0, 'view/superAdmin/dictionary/dictionary.vue', 3, '[{\"type\":\"GET\",\"name\":\"查询字典目录列表\",\"route\":\"aaa\"},{\"type\":\"POST\",\"name\":\"新增字典目录\",\"route\":\"aaa\"},{\"type\":\"PUT\",\"name\":\"修改字典目录\",\"route\":\"aaa\"},{\"type\":\"DELETE\",\"name\":\"删除字典目录\",\"route\":\"aaa\"}]', '[]', '2022-10-15 05:05:19', '2022-12-11 06:54:46', NULL);
INSERT INTO `menu` (`id`, `parentId`, `icon`, `title`, `path`, `name`, `hidden`, `component`, `sort`, `apis`, `extAuth`, `createdAt`, `updatedAt`, `deletedAt`) VALUES (19, 3, 'cherry', '字典详情', 'dictionaryDetail/:id/:name', 'dictionaryDetail', 1, 'view/superAdmin/dictionary/dictionaryDetail.vue', 3, '[{\"type\":\"GET\",\"name\":\"查询字典详情列表\",\"route\":\"aaa\"},{\"type\":\"POST\",\"name\":\"新增字典详情\",\"route\":\"aaa\"},{\"type\":\"PUT\",\"name\":\"修改字典详情\",\"route\":\"aaa\"},{\"type\":\"DELETE\",\"name\":\"删除字典详情\",\"route\":\"aaa\"}]', '[]', '2022-10-15 05:04:17', '2022-12-11 06:55:19', NULL);
INSERT INTO `menu` (`id`, `parentId`, `icon`, `title`, `path`, `name`, `hidden`, `component`, `sort`, `apis`, `extAuth`, `createdAt`, `updatedAt`, `deletedAt`) VALUES (20, 3, 'alarm-clock', '操作历史', 'operation', 'operation', 0, 'view/superAdmin/operation/record.vue', 8, NULL, NULL, '2022-10-30 02:40:38', '2022-10-30 02:40:38', NULL);
INSERT INTO `menu` (`id`, `parentId`, `icon`, `title`, `path`, `name`, `hidden`, `component`, `sort`, `apis`, `extAuth`, `createdAt`, `updatedAt`, `deletedAt`) VALUES (22, 0, 'compass', '官方网站', 'https://www.baidu.com', 'https://www.baidu.com', 0, '/', 0, '[]', '[]', '2022-10-15 04:59:24', '2022-10-01 05:46:02', '2022-10-15 04:59:25');
INSERT INTO `menu` (`id`, `parentId`, `icon`, `title`, `path`, `name`, `hidden`, `component`, `sort`, `apis`, `extAuth`, `createdAt`, `updatedAt`, `deletedAt`) VALUES (23, 0, 'cloudy', '服务器状态', 'state', 'state', 0, 'view/system/state.vue', 6, NULL, NULL, '2022-10-15 04:58:36', NULL, '2022-10-15 04:58:37');
INSERT INTO `menu` (`id`, `parentId`, `icon`, `title`, `path`, `name`, `hidden`, `component`, `sort`, `apis`, `extAuth`, `createdAt`, `updatedAt`, `deletedAt`) VALUES (24, 14, 'coin', '自动化代码管理', 'autoCodeAdmin', 'autoCodeAdmin', 0, 'view/systemTools/autoCodeAdmin/index.vue', 1, NULL, NULL, '2022-10-15 04:58:11', NULL, '2022-10-15 04:58:11');
INSERT INTO `menu` (`id`, `parentId`, `icon`, `title`, `path`, `name`, `hidden`, `component`, `sort`, `apis`, `extAuth`, `createdAt`, `updatedAt`, `deletedAt`) VALUES (25, 14, 'calendar', '自动化代码（复用）', 'autoCodeEdit/:id', 'autoCodeEdit', 1, 'view/systemTools/autoCode/index.vue', 0, NULL, NULL, '2022-10-15 04:58:13', NULL, '2022-10-15 04:58:14');
INSERT INTO `menu` (`id`, `parentId`, `icon`, `title`, `path`, `name`, `hidden`, `component`, `sort`, `apis`, `extAuth`, `createdAt`, `updatedAt`, `deletedAt`) VALUES (38, 0, 'coffee-cup', '社区管理', 'community', 'community', 0, 'view/routerHolder.vue', 3, NULL, NULL, '2022-12-11 05:19:00', '2022-12-11 05:19:53', NULL);
INSERT INTO `menu` (`id`, `parentId`, `icon`, `title`, `path`, `name`, `hidden`, `component`, `sort`, `apis`, `extAuth`, `createdAt`, `updatedAt`, `deletedAt`) VALUES (39, 38, 'notebook', '文章管理', 'article', 'article', 0, 'view/community/article/article.vue', 1, NULL, NULL, '2022-12-11 05:26:17', '2022-12-11 05:27:47', NULL);
COMMIT;

-- ----------------------------
-- Table structure for record
-- ----------------------------
DROP TABLE IF EXISTS `record`;
CREATE TABLE `record` (
  `id` int unsigned NOT NULL AUTO_INCREMENT COMMENT '自增主键',
  `userId` int DEFAULT NULL COMMENT '用户ID',
  `userName` varchar(40) CHARACTER SET utf8mb4 COLLATE utf8mb4_general_ci DEFAULT NULL COMMENT '用户名',
  `ip` varchar(100) CHARACTER SET utf8mb4 COLLATE utf8mb4_general_ci DEFAULT NULL COMMENT 'IP地址',
  `method` varchar(10) CHARACTER SET utf8mb4 COLLATE utf8mb4_general_ci DEFAULT NULL COMMENT '请求方法',
  `path` varchar(255) CHARACTER SET utf8mb4 COLLATE utf8mb4_general_ci DEFAULT NULL COMMENT '请求路径',
  `status` int DEFAULT NULL COMMENT '状态码',
  `costTime` float(10,5) DEFAULT NULL COMMENT '请求耗时',
  `agent` varchar(255) CHARACTER SET utf8mb4 COLLATE utf8mb4_general_ci DEFAULT NULL COMMENT '代理',
  `msg` varchar(255) CHARACTER SET utf8mb4 COLLATE utf8mb4_general_ci DEFAULT NULL COMMENT '返回消息',
  `params` longtext CHARACTER SET utf8mb4 COLLATE utf8mb4_general_ci COMMENT '请求传参',
  `resp` longtext CHARACTER SET utf8mb4 COLLATE utf8mb4_general_ci COMMENT '接口返回',
  `createdAt` timestamp NULL DEFAULT NULL ON UPDATE CURRENT_TIMESTAMP,
  `updatedAt` timestamp NULL DEFAULT NULL,
  `deletedAt` timestamp NULL DEFAULT NULL,
  PRIMARY KEY (`id`) USING BTREE,
  KEY `idx_deletedAt` (`deletedAt`) USING BTREE COMMENT '是否删除'
) ENGINE=InnoDB AUTO_INCREMENT=747 DEFAULT CHARSET=utf8mb4 COLLATE=utf8mb4_general_ci COMMENT='操作记录';

-- ----------------------------
-- Records of record
-- ----------------------------
BEGIN;
INSERT INTO `record` (`id`, `userId`, `userName`, `ip`, `method`, `path`, `status`, `costTime`, `agent`, `msg`, `params`, `resp`, `createdAt`, `updatedAt`, `deletedAt`) VALUES (664, 1, 'admin', '127.0.0.1', 'GET', '/recode', 200, 145.66911, 'Mozilla/5.0 (Macintosh; Intel Mac OS X 10_15_7) AppleWebKit/537.36 (KHTML, like Gecko) Chrome/108.0.0.0 Safari/537.36', '分页查询操作记录成功', '{\"page\":\"1\",\"pageSize\":\"10\"}', '不记录', '2022-12-17 07:39:12', '2022-12-17 07:39:12', NULL);
INSERT INTO `record` (`id`, `userId`, `userName`, `ip`, `method`, `path`, `status`, `costTime`, `agent`, `msg`, `params`, `resp`, `createdAt`, `updatedAt`, `deletedAt`) VALUES (665, 1, 'admin', '127.0.0.1', 'GET', '/recode', 200, 13.62099, 'Mozilla/5.0 (Macintosh; Intel Mac OS X 10_15_7) AppleWebKit/537.36 (KHTML, like Gecko) Chrome/108.0.0.0 Safari/537.36', '分页查询操作记录成功', '{\"page\":\"1\",\"pageSize\":\"10\"}', '不记录', '2022-12-17 07:39:18', '2022-12-17 07:39:18', NULL);
INSERT INTO `record` (`id`, `userId`, `userName`, `ip`, `method`, `path`, `status`, `costTime`, `agent`, `msg`, `params`, `resp`, `createdAt`, `updatedAt`, `deletedAt`) VALUES (666, 1, 'admin', '127.0.0.1', 'GET', '/dictionary', 200, 22.05414, 'Mozilla/5.0 (Macintosh; Intel Mac OS X 10_15_7) AppleWebKit/537.36 (KHTML, like Gecko) Chrome/108.0.0.0 Safari/537.36', '分页查询字典目录成功', '{\"page\":\"1\",\"pageSize\":\"10\"}', '{\"code\":0,\"msg\":\"分页查询字典目录成功\",\"data\":{\"list\":[{\"id\":9,\"createdAt\":\"2022-10-01T05:40:34Z\",\"pid\":0,\"name\":\"菜单权限类型\",\"value\":\"powerType\",\"super\":1,\"sort\":50,\"desc\":\"菜单权限类型\"},{\"id\":16,\"createdAt\":\"2022-10-01T05:40:15Z\",\"pid\":0,\"name\":\"人员身份类型\",\"value\":\"idType\",\"super\":2,\"sort\":50,\"desc\":\"人员身份类型\"},{\"id\":24,\"createdAt\":\"2022-12-11T06:06:11Z\",\"pid\":0,\"name\":\"文章分类\",\"value\":\"category\",\"super\":1,\"sort\":50,\"desc\":\"社区-文章分类\"},{\"id\":25,\"createdAt\":\"2022-12-11T06:18:48Z\",\"pid\":0,\"name\":\"文章标记\",\"value\":\"mark\",\"super\":1,\"sort\":50,\"desc\":\"社区-文章标记\"},{\"id\":26,\"createdAt\":\"2022-12-11T07:08:00Z\",\"pid\":0,\"name\":\"文章标签\",\"value\":\"tagList\",\"super\":1,\"sort\":50,\"desc\":\"文章标签\"}],\"total\":5,\"page\":1,\"pageSize\":10},\"costTime\":21.95814}', '2022-12-17 07:39:21', '2022-12-17 07:39:21', NULL);
INSERT INTO `record` (`id`, `userId`, `userName`, `ip`, `method`, `path`, `status`, `costTime`, `agent`, `msg`, `params`, `resp`, `createdAt`, `updatedAt`, `deletedAt`) VALUES (667, 1, 'admin', '127.0.0.1', 'GET', '/recode', 200, 5.02016, 'Mozilla/5.0 (Macintosh; Intel Mac OS X 10_15_7) AppleWebKit/537.36 (KHTML, like Gecko) Chrome/108.0.0.0 Safari/537.36', '分页查询操作记录成功', '{\"page\":\"1\",\"pageSize\":\"10\"}', '不记录', '2022-12-17 07:39:24', '2022-12-17 07:39:24', NULL);
INSERT INTO `record` (`id`, `userId`, `userName`, `ip`, `method`, `path`, `status`, `costTime`, `agent`, `msg`, `params`, `resp`, `createdAt`, `updatedAt`, `deletedAt`) VALUES (668, 1, 'admin', '127.0.0.1', 'GET', '/dictionary', 200, 13.58899, 'Mozilla/5.0 (Macintosh; Intel Mac OS X 10_15_7) AppleWebKit/537.36 (KHTML, like Gecko) Chrome/108.0.0.0 Safari/537.36', '分页查询字典目录成功', '{\"page\":\"1\",\"pageSize\":\"10\"}', '{\"code\":0,\"msg\":\"分页查询字典目录成功\",\"data\":{\"list\":[{\"id\":9,\"createdAt\":\"2022-10-01T05:40:34Z\",\"pid\":0,\"name\":\"菜单权限类型\",\"value\":\"powerType\",\"super\":1,\"sort\":50,\"desc\":\"菜单权限类型\"},{\"id\":16,\"createdAt\":\"2022-10-01T05:40:15Z\",\"pid\":0,\"name\":\"人员身份类型\",\"value\":\"idType\",\"super\":2,\"sort\":50,\"desc\":\"人员身份类型\"},{\"id\":24,\"createdAt\":\"2022-12-11T06:06:11Z\",\"pid\":0,\"name\":\"文章分类\",\"value\":\"category\",\"super\":1,\"sort\":50,\"desc\":\"社区-文章分类\"},{\"id\":25,\"createdAt\":\"2022-12-11T06:18:48Z\",\"pid\":0,\"name\":\"文章标记\",\"value\":\"mark\",\"super\":1,\"sort\":50,\"desc\":\"社区-文章标记\"},{\"id\":26,\"createdAt\":\"2022-12-11T07:08:00Z\",\"pid\":0,\"name\":\"文章标签\",\"value\":\"tagList\",\"super\":1,\"sort\":50,\"desc\":\"文章标签\"}],\"total\":5,\"page\":1,\"pageSize\":10},\"costTime\":13.51091}', '2022-12-17 07:39:27', '2022-12-17 07:39:27', NULL);
INSERT INTO `record` (`id`, `userId`, `userName`, `ip`, `method`, `path`, `status`, `costTime`, `agent`, `msg`, `params`, `resp`, `createdAt`, `updatedAt`, `deletedAt`) VALUES (669, 1, 'admin', '127.0.0.1', 'GET', '/recode', 200, 10.64986, 'Mozilla/5.0 (Macintosh; Intel Mac OS X 10_15_7) AppleWebKit/537.36 (KHTML, like Gecko) Chrome/108.0.0.0 Safari/537.36', '分页查询操作记录成功', '{\"page\":\"1\",\"pageSize\":\"10\"}', '不记录', '2022-12-17 07:39:30', '2022-12-17 07:39:30', NULL);
INSERT INTO `record` (`id`, `userId`, `userName`, `ip`, `method`, `path`, `status`, `costTime`, `agent`, `msg`, `params`, `resp`, `createdAt`, `updatedAt`, `deletedAt`) VALUES (670, 1, 'admin', '127.0.0.1', 'GET', '/dictionary', 200, 24.41907, 'Mozilla/5.0 (Macintosh; Intel Mac OS X 10_15_7) AppleWebKit/537.36 (KHTML, like Gecko) Chrome/108.0.0.0 Safari/537.36', '分页查询字典目录成功', '{\"page\":\"1\",\"pageSize\":\"10\"}', '{\"code\":0,\"msg\":\"分页查询字典目录成功\",\"data\":{\"list\":[{\"id\":9,\"createdAt\":\"2022-10-01T05:40:34Z\",\"pid\":0,\"name\":\"菜单权限类型\",\"value\":\"powerType\",\"super\":1,\"sort\":50,\"desc\":\"菜单权限类型\"},{\"id\":16,\"createdAt\":\"2022-10-01T05:40:15Z\",\"pid\":0,\"name\":\"人员身份类型\",\"value\":\"idType\",\"super\":2,\"sort\":50,\"desc\":\"人员身份类型\"},{\"id\":24,\"createdAt\":\"2022-12-11T06:06:11Z\",\"pid\":0,\"name\":\"文章分类\",\"value\":\"category\",\"super\":1,\"sort\":50,\"desc\":\"社区-文章分类\"},{\"id\":25,\"createdAt\":\"2022-12-11T06:18:48Z\",\"pid\":0,\"name\":\"文章标记\",\"value\":\"mark\",\"super\":1,\"sort\":50,\"desc\":\"社区-文章标记\"},{\"id\":26,\"createdAt\":\"2022-12-11T07:08:00Z\",\"pid\":0,\"name\":\"文章标签\",\"value\":\"tagList\",\"super\":1,\"sort\":50,\"desc\":\"文章标签\"}],\"total\":5,\"page\":1,\"pageSize\":10},\"costTime\":24.3561}', '2022-12-17 07:39:33', '2022-12-17 07:39:33', NULL);
INSERT INTO `record` (`id`, `userId`, `userName`, `ip`, `method`, `path`, `status`, `costTime`, `agent`, `msg`, `params`, `resp`, `createdAt`, `updatedAt`, `deletedAt`) VALUES (671, 1, 'admin', '127.0.0.1', 'GET', '/recode', 200, 5.93306, 'Mozilla/5.0 (Macintosh; Intel Mac OS X 10_15_7) AppleWebKit/537.36 (KHTML, like Gecko) Chrome/108.0.0.0 Safari/537.36', '分页查询操作记录成功', '{\"page\":\"1\",\"pageSize\":\"10\"}', '不记录', '2022-12-17 07:39:36', '2022-12-17 07:39:36', NULL);
INSERT INTO `record` (`id`, `userId`, `userName`, `ip`, `method`, `path`, `status`, `costTime`, `agent`, `msg`, `params`, `resp`, `createdAt`, `updatedAt`, `deletedAt`) VALUES (672, 1, 'admin', '127.0.0.1', 'GET', '/dictionary', 200, 16.66509, 'Mozilla/5.0 (Macintosh; Intel Mac OS X 10_15_7) AppleWebKit/537.36 (KHTML, like Gecko) Chrome/108.0.0.0 Safari/537.36', '分页查询字典目录成功', '{\"page\":\"1\",\"pageSize\":\"10\"}', '{\"code\":0,\"msg\":\"分页查询字典目录成功\",\"data\":{\"list\":[{\"id\":9,\"createdAt\":\"2022-10-01T05:40:34Z\",\"pid\":0,\"name\":\"菜单权限类型\",\"value\":\"powerType\",\"super\":1,\"sort\":50,\"desc\":\"菜单权限类型\"},{\"id\":16,\"createdAt\":\"2022-10-01T05:40:15Z\",\"pid\":0,\"name\":\"人员身份类型\",\"value\":\"idType\",\"super\":2,\"sort\":50,\"desc\":\"人员身份类型\"},{\"id\":24,\"createdAt\":\"2022-12-11T06:06:11Z\",\"pid\":0,\"name\":\"文章分类\",\"value\":\"category\",\"super\":1,\"sort\":50,\"desc\":\"社区-文章分类\"},{\"id\":25,\"createdAt\":\"2022-12-11T06:18:48Z\",\"pid\":0,\"name\":\"文章标记\",\"value\":\"mark\",\"super\":1,\"sort\":50,\"desc\":\"社区-文章标记\"},{\"id\":26,\"createdAt\":\"2022-12-11T07:08:00Z\",\"pid\":0,\"name\":\"文章标签\",\"value\":\"tagList\",\"super\":1,\"sort\":50,\"desc\":\"文章标签\"}],\"total\":5,\"page\":1,\"pageSize\":10},\"costTime\":16.60621}', '2022-12-17 07:39:39', '2022-12-17 07:39:39', NULL);
INSERT INTO `record` (`id`, `userId`, `userName`, `ip`, `method`, `path`, `status`, `costTime`, `agent`, `msg`, `params`, `resp`, `createdAt`, `updatedAt`, `deletedAt`) VALUES (673, 1, 'admin', '127.0.0.1', 'GET', '/recode', 200, 8.69120, 'Mozilla/5.0 (Macintosh; Intel Mac OS X 10_15_7) AppleWebKit/537.36 (KHTML, like Gecko) Chrome/108.0.0.0 Safari/537.36', '分页查询操作记录成功', '{\"page\":\"1\",\"pageSize\":\"10\"}', '不记录', '2022-12-17 07:39:42', '2022-12-17 07:39:42', NULL);
INSERT INTO `record` (`id`, `userId`, `userName`, `ip`, `method`, `path`, `status`, `costTime`, `agent`, `msg`, `params`, `resp`, `createdAt`, `updatedAt`, `deletedAt`) VALUES (674, 1, 'admin', '127.0.0.1', 'GET', '/dictionary', 200, 13.58413, 'Mozilla/5.0 (Macintosh; Intel Mac OS X 10_15_7) AppleWebKit/537.36 (KHTML, like Gecko) Chrome/108.0.0.0 Safari/537.36', '分页查询字典目录成功', '{\"page\":\"1\",\"pageSize\":\"10\"}', '{\"code\":0,\"msg\":\"分页查询字典目录成功\",\"data\":{\"list\":[{\"id\":9,\"createdAt\":\"2022-10-01T05:40:34Z\",\"pid\":0,\"name\":\"菜单权限类型\",\"value\":\"powerType\",\"super\":1,\"sort\":50,\"desc\":\"菜单权限类型\"},{\"id\":16,\"createdAt\":\"2022-10-01T05:40:15Z\",\"pid\":0,\"name\":\"人员身份类型\",\"value\":\"idType\",\"super\":2,\"sort\":50,\"desc\":\"人员身份类型\"},{\"id\":24,\"createdAt\":\"2022-12-11T06:06:11Z\",\"pid\":0,\"name\":\"文章分类\",\"value\":\"category\",\"super\":1,\"sort\":50,\"desc\":\"社区-文章分类\"},{\"id\":25,\"createdAt\":\"2022-12-11T06:18:48Z\",\"pid\":0,\"name\":\"文章标记\",\"value\":\"mark\",\"super\":1,\"sort\":50,\"desc\":\"社区-文章标记\"},{\"id\":26,\"createdAt\":\"2022-12-11T07:08:00Z\",\"pid\":0,\"name\":\"文章标签\",\"value\":\"tagList\",\"super\":1,\"sort\":50,\"desc\":\"文章标签\"}],\"total\":5,\"page\":1,\"pageSize\":10},\"costTime\":13.53421}', '2022-12-17 07:39:45', '2022-12-17 07:39:45', NULL);
INSERT INTO `record` (`id`, `userId`, `userName`, `ip`, `method`, `path`, `status`, `costTime`, `agent`, `msg`, `params`, `resp`, `createdAt`, `updatedAt`, `deletedAt`) VALUES (675, 1, 'admin', '127.0.0.1', 'GET', '/recode', 200, 9.56800, 'Mozilla/5.0 (Macintosh; Intel Mac OS X 10_15_7) AppleWebKit/537.36 (KHTML, like Gecko) Chrome/108.0.0.0 Safari/537.36', '分页查询操作记录成功', '{\"page\":\"1\",\"pageSize\":\"10\"}', '不记录', '2022-12-17 07:39:48', '2022-12-17 07:39:48', NULL);
INSERT INTO `record` (`id`, `userId`, `userName`, `ip`, `method`, `path`, `status`, `costTime`, `agent`, `msg`, `params`, `resp`, `createdAt`, `updatedAt`, `deletedAt`) VALUES (676, 1, 'admin', '127.0.0.1', 'GET', '/dictionary', 200, 18.88205, 'Mozilla/5.0 (Macintosh; Intel Mac OS X 10_15_7) AppleWebKit/537.36 (KHTML, like Gecko) Chrome/108.0.0.0 Safari/537.36', '分页查询字典目录成功', '{\"page\":\"1\",\"pageSize\":\"10\"}', '{\"code\":0,\"msg\":\"分页查询字典目录成功\",\"data\":{\"list\":[{\"id\":9,\"createdAt\":\"2022-10-01T05:40:34Z\",\"pid\":0,\"name\":\"菜单权限类型\",\"value\":\"powerType\",\"super\":1,\"sort\":50,\"desc\":\"菜单权限类型\"},{\"id\":16,\"createdAt\":\"2022-10-01T05:40:15Z\",\"pid\":0,\"name\":\"人员身份类型\",\"value\":\"idType\",\"super\":2,\"sort\":50,\"desc\":\"人员身份类型\"},{\"id\":24,\"createdAt\":\"2022-12-11T06:06:11Z\",\"pid\":0,\"name\":\"文章分类\",\"value\":\"category\",\"super\":1,\"sort\":50,\"desc\":\"社区-文章分类\"},{\"id\":25,\"createdAt\":\"2022-12-11T06:18:48Z\",\"pid\":0,\"name\":\"文章标记\",\"value\":\"mark\",\"super\":1,\"sort\":50,\"desc\":\"社区-文章标记\"},{\"id\":26,\"createdAt\":\"2022-12-11T07:08:00Z\",\"pid\":0,\"name\":\"文章标签\",\"value\":\"tagList\",\"super\":1,\"sort\":50,\"desc\":\"文章标签\"}],\"total\":5,\"page\":1,\"pageSize\":10},\"costTime\":18.83008}', '2022-12-17 07:39:51', '2022-12-17 07:39:51', NULL);
INSERT INTO `record` (`id`, `userId`, `userName`, `ip`, `method`, `path`, `status`, `costTime`, `agent`, `msg`, `params`, `resp`, `createdAt`, `updatedAt`, `deletedAt`) VALUES (677, 1, 'admin', '127.0.0.1', 'GET', '/recode', 200, 10.01600, 'Mozilla/5.0 (Macintosh; Intel Mac OS X 10_15_7) AppleWebKit/537.36 (KHTML, like Gecko) Chrome/108.0.0.0 Safari/537.36', '分页查询操作记录成功', '{\"page\":\"1\",\"pageSize\":\"10\"}', '不记录', '2022-12-17 07:39:54', '2022-12-17 07:39:54', NULL);
INSERT INTO `record` (`id`, `userId`, `userName`, `ip`, `method`, `path`, `status`, `costTime`, `agent`, `msg`, `params`, `resp`, `createdAt`, `updatedAt`, `deletedAt`) VALUES (678, 1, 'admin', '127.0.0.1', 'GET', '/menus', 200, 11.20282, 'Mozilla/5.0 (Macintosh; Intel Mac OS X 10_15_7) AppleWebKit/537.36 (KHTML, like Gecko) Chrome/108.0.0.0 Safari/537.36', '获取菜单列表成功', '{}', '{\"code\":0,\"msg\":\"获取菜单列表成功\",\"data\":{\"list\":[{\"id\":1,\"createdAt\":\"2022-10-01T05:45:00Z\",\"meta\":{\"title\":\"仪表盘\",\"icon\":\"home-filled\"},\"parentId\":0,\"path\":\"dashboard\",\"name\":\"dashboard\",\"hidden\":false,\"component\":\"view/dashboard/index.vue\",\"sort\":1,\"api\":null,\"extAuth\":null,\"children\":[]},{\"id\":3,\"createdAt\":\"2022-10-15T05:13:17Z\",\"meta\":{\"title\":\"系统管理\",\"icon\":\"user\"},\"parentId\":0,\"path\":\"admin\",\"name\":\"superAdmin\",\"hidden\":false,\"component\":\"view/superAdmin/index.vue\",\"sort\":2,\"api\":null,\"extAuth\":null,\"children\":[{\"id\":5,\"createdAt\":\"2022-10-15T05:03:48Z\",\"meta\":{\"title\":\"菜单管理\",\"icon\":\"menu\"},\"parentId\":3,\"path\":\"menu\",\"name\":\"menu\",\"hidden\":false,\"component\":\"view/superAdmin/menu/menu.vue\",\"sort\":1,\"api\":null,\"extAuth\":null,\"children\":[]},{\"id\":6,\"createdAt\":\"2022-10-15T05:05:07Z\",\"meta\":{\"title\":\"API管理\",\"icon\":\"filter\"},\"parentId\":3,\"path\":\"api\",\"name\":\"api\",\"hidden\":false,\"component\":\"view/superAdmin/api/api.vue\",\"sort\":2,\"api\":null,\"extAuth\":null,\"children\":[]},{\"id\":18,\"createdAt\":\"2022-10-15T05:05:19Z\",\"meta\":{\"title\":\"字典管理\",\"icon\":\"files\"},\"parentId\":3,\"path\":\"dictionary\",\"name\":\"dictionary\",\"hidden\":false,\"component\":\"view/superAdmin/dictionary/dictionary.vue\",\"sort\":3,\"api\":null,\"extAuth\":null,\"children\":[]},{\"id\":19,\"createdAt\":\"2022-10-15T05:04:17Z\",\"meta\":{\"title\":\"字典详情\",\"icon\":\"cherry\"},\"parentId\":3,\"path\":\"dictionaryDetail/:id/:name\",\"name\":\"dictionaryDetail\",\"hidden\":true,\"component\":\"view/superAdmin/dictionary/dictionaryDetail.vue\",\"sort\":3,\"api\":null,\"extAuth\":null,\"children\":[]},{\"id\":4,\"createdAt\":\"2022-10-15T05:04:25Z\",\"meta\":{\"title\":\"角色管理\",\"icon\":\"hot-water\"},\"parentId\":3,\"path\":\"authority\",\"name\":\"authority\",\"hidden\":false,\"component\":\"view/superAdmin/authority/authority.vue\",\"sort\":4,\"api\":null,\"extAuth\":null,\"children\":[]},{\"id\":7,\"createdAt\":\"2022-10-15T05:04:40Z\",\"meta\":{\"title\":\"用户管理\",\"icon\":\"coordinate\"},\"parentId\":3,\"path\":\"user\",\"name\":\"user\",\"hidden\":false,\"component\":\"view/superAdmin/user/user.vue\",\"sort\":5,\"api\":null,\"extAuth\":null,\"children\":[]},{\"id\":16,\"createdAt\":\"2022-10-15T05:05:40Z\",\"meta\":{\"title\":\"表单生成器\",\"icon\":\"magic-stick\"},\"parentId\":3,\"path\":\"formCreate\",\"name\":\"formCreate\",\"hidden\":false,\"component\":\"view/superAdmin/formCreate/index.vue\",\"sort\":6,\"api\":null,\"extAuth\":null,\"children\":[]},{\"id\":11,\"createdAt\":\"2022-10-15T05:05:49Z\",\"meta\":{\"title\":\"媒体库\",\"icon\":\"upload\"},\"parentId\":3,\"path\":\"upload\",\"name\":\"upload\",\"hidden\":false,\"component\":\"view/superAdmin/upload/upload.vue\",\"sort\":7,\"api\":null,\"extAuth\":null,\"children\":[]},{\"id\":20,\"createdAt\":\"2022-10-30T02:40:38Z\",\"meta\":{\"title\":\"操作历史\",\"icon\":\"alarm-clock\"},\"parentId\":3,\"path\":\"operation\",\"name\":\"operation\",\"hidden\":false,\"component\":\"view/superAdmin/operation/record.vue\",\"sort\":8,\"api\":null,\"extAuth\":null,\"children\":[]}]},{\"id\":38,\"createdAt\":\"2022-12-11T05:19:00Z\",\"meta\":{\"title\":\"社区管理\",\"icon\":\"coffee-cup\"},\"parentId\":0,\"path\":\"community\",\"name\":\"community\",\"hidden\":false,\"component\":\"view/routerHolder.vue\",\"sort\":3,\"api\":null,\"extAuth\":null,\"children\":[{\"id\":39,\"createdAt\":\"2022-12-11T05:26:17Z\",\"meta\":{\"title\":\"文章管理\",\"icon\":\"notebook\"},\"parentId\":38,\"path\":\"article\",\"name\":\"article\",\"hidden\":false,\"component\":\"view/community/article/article.vue\",\"sort\":1,\"api\":null,\"extAuth\":null,\"children\":[]}]},{\"id\":2,\"createdAt\":\"2022-10-15T13:37:41Z\",\"meta\":{\"title\":\"关于我们\",\"icon\":\"message\"},\"parentId\":0,\"path\":\"about\",\"name\":\"about\",\"hidden\":false,\"component\":\"view/about/index.vue\",\"sort\":4,\"api\":null,\"extAuth\":null,\"children\":[]},{\"id\":8,\"createdAt\":\"2022-10-15T13:37:47Z\",\"meta\":{\"title\":\"个人信息\",\"icon\":\"basketball\"},\"parentId\":0,\"path\":\"person\",\"name\":\"person\",\"hidden\":true,\"component\":\"view/person/person.vue\",\"sort\":5,\"api\":null,\"extAuth\":null,\"children\":[]}],\"total\":15,\"page\":1,\"pageSize\":999},\"costTime\":10.86285}', '2022-12-17 07:39:57', '2022-12-17 07:39:57', NULL);
INSERT INTO `record` (`id`, `userId`, `userName`, `ip`, `method`, `path`, `status`, `costTime`, `agent`, `msg`, `params`, `resp`, `createdAt`, `updatedAt`, `deletedAt`) VALUES (679, 1, 'admin', '127.0.0.1', 'GET', '/dictionary', 200, 7.69920, 'Mozilla/5.0 (Macintosh; Intel Mac OS X 10_15_7) AppleWebKit/537.36 (KHTML, like Gecko) Chrome/108.0.0.0 Safari/537.36', '分页查询字典目录成功', '{\"page\":\"1\",\"pageSize\":\"10\"}', '{\"code\":0,\"msg\":\"分页查询字典目录成功\",\"data\":{\"list\":[{\"id\":9,\"createdAt\":\"2022-10-01T05:40:34Z\",\"pid\":0,\"name\":\"菜单权限类型\",\"value\":\"powerType\",\"super\":1,\"sort\":50,\"desc\":\"菜单权限类型\"},{\"id\":16,\"createdAt\":\"2022-10-01T05:40:15Z\",\"pid\":0,\"name\":\"人员身份类型\",\"value\":\"idType\",\"super\":2,\"sort\":50,\"desc\":\"人员身份类型\"},{\"id\":24,\"createdAt\":\"2022-12-11T06:06:11Z\",\"pid\":0,\"name\":\"文章分类\",\"value\":\"category\",\"super\":1,\"sort\":50,\"desc\":\"社区-文章分类\"},{\"id\":25,\"createdAt\":\"2022-12-11T06:18:48Z\",\"pid\":0,\"name\":\"文章标记\",\"value\":\"mark\",\"super\":1,\"sort\":50,\"desc\":\"社区-文章标记\"},{\"id\":26,\"createdAt\":\"2022-12-11T07:08:00Z\",\"pid\":0,\"name\":\"文章标签\",\"value\":\"tagList\",\"super\":1,\"sort\":50,\"desc\":\"文章标签\"}],\"total\":5,\"page\":1,\"pageSize\":10},\"costTime\":7.64416}', '2022-12-17 07:40:00', '2022-12-17 07:40:00', NULL);
INSERT INTO `record` (`id`, `userId`, `userName`, `ip`, `method`, `path`, `status`, `costTime`, `agent`, `msg`, `params`, `resp`, `createdAt`, `updatedAt`, `deletedAt`) VALUES (680, 1, 'admin', '127.0.0.1', 'GET', '/menus', 200, 5.14509, 'Mozilla/5.0 (Macintosh; Intel Mac OS X 10_15_7) AppleWebKit/537.36 (KHTML, like Gecko) Chrome/108.0.0.0 Safari/537.36', '获取菜单列表成功', '{}', '{\"code\":0,\"msg\":\"获取菜单列表成功\",\"data\":{\"list\":[{\"id\":1,\"createdAt\":\"2022-10-01T05:45:00Z\",\"meta\":{\"title\":\"仪表盘\",\"icon\":\"home-filled\"},\"parentId\":0,\"path\":\"dashboard\",\"name\":\"dashboard\",\"hidden\":false,\"component\":\"view/dashboard/index.vue\",\"sort\":1,\"api\":null,\"extAuth\":null,\"children\":[]},{\"id\":3,\"createdAt\":\"2022-10-15T05:13:17Z\",\"meta\":{\"title\":\"系统管理\",\"icon\":\"user\"},\"parentId\":0,\"path\":\"admin\",\"name\":\"superAdmin\",\"hidden\":false,\"component\":\"view/superAdmin/index.vue\",\"sort\":2,\"api\":null,\"extAuth\":null,\"children\":[{\"id\":5,\"createdAt\":\"2022-10-15T05:03:48Z\",\"meta\":{\"title\":\"菜单管理\",\"icon\":\"menu\"},\"parentId\":3,\"path\":\"menu\",\"name\":\"menu\",\"hidden\":false,\"component\":\"view/superAdmin/menu/menu.vue\",\"sort\":1,\"api\":null,\"extAuth\":null,\"children\":[]},{\"id\":6,\"createdAt\":\"2022-10-15T05:05:07Z\",\"meta\":{\"title\":\"API管理\",\"icon\":\"filter\"},\"parentId\":3,\"path\":\"api\",\"name\":\"api\",\"hidden\":false,\"component\":\"view/superAdmin/api/api.vue\",\"sort\":2,\"api\":null,\"extAuth\":null,\"children\":[]},{\"id\":18,\"createdAt\":\"2022-10-15T05:05:19Z\",\"meta\":{\"title\":\"字典管理\",\"icon\":\"files\"},\"parentId\":3,\"path\":\"dictionary\",\"name\":\"dictionary\",\"hidden\":false,\"component\":\"view/superAdmin/dictionary/dictionary.vue\",\"sort\":3,\"api\":null,\"extAuth\":null,\"children\":[]},{\"id\":19,\"createdAt\":\"2022-10-15T05:04:17Z\",\"meta\":{\"title\":\"字典详情\",\"icon\":\"cherry\"},\"parentId\":3,\"path\":\"dictionaryDetail/:id/:name\",\"name\":\"dictionaryDetail\",\"hidden\":true,\"component\":\"view/superAdmin/dictionary/dictionaryDetail.vue\",\"sort\":3,\"api\":null,\"extAuth\":null,\"children\":[]},{\"id\":4,\"createdAt\":\"2022-10-15T05:04:25Z\",\"meta\":{\"title\":\"角色管理\",\"icon\":\"hot-water\"},\"parentId\":3,\"path\":\"authority\",\"name\":\"authority\",\"hidden\":false,\"component\":\"view/superAdmin/authority/authority.vue\",\"sort\":4,\"api\":null,\"extAuth\":null,\"children\":[]},{\"id\":7,\"createdAt\":\"2022-10-15T05:04:40Z\",\"meta\":{\"title\":\"用户管理\",\"icon\":\"coordinate\"},\"parentId\":3,\"path\":\"user\",\"name\":\"user\",\"hidden\":false,\"component\":\"view/superAdmin/user/user.vue\",\"sort\":5,\"api\":null,\"extAuth\":null,\"children\":[]},{\"id\":16,\"createdAt\":\"2022-10-15T05:05:40Z\",\"meta\":{\"title\":\"表单生成器\",\"icon\":\"magic-stick\"},\"parentId\":3,\"path\":\"formCreate\",\"name\":\"formCreate\",\"hidden\":false,\"component\":\"view/superAdmin/formCreate/index.vue\",\"sort\":6,\"api\":null,\"extAuth\":null,\"children\":[]},{\"id\":11,\"createdAt\":\"2022-10-15T05:05:49Z\",\"meta\":{\"title\":\"媒体库\",\"icon\":\"upload\"},\"parentId\":3,\"path\":\"upload\",\"name\":\"upload\",\"hidden\":false,\"component\":\"view/superAdmin/upload/upload.vue\",\"sort\":7,\"api\":null,\"extAuth\":null,\"children\":[]},{\"id\":20,\"createdAt\":\"2022-10-30T02:40:38Z\",\"meta\":{\"title\":\"操作历史\",\"icon\":\"alarm-clock\"},\"parentId\":3,\"path\":\"operation\",\"name\":\"operation\",\"hidden\":false,\"component\":\"view/superAdmin/operation/record.vue\",\"sort\":8,\"api\":null,\"extAuth\":null,\"children\":[]}]},{\"id\":38,\"createdAt\":\"2022-12-11T05:19:00Z\",\"meta\":{\"title\":\"社区管理\",\"icon\":\"coffee-cup\"},\"parentId\":0,\"path\":\"community\",\"name\":\"community\",\"hidden\":false,\"component\":\"view/routerHolder.vue\",\"sort\":3,\"api\":null,\"extAuth\":null,\"children\":[{\"id\":39,\"createdAt\":\"2022-12-11T05:26:17Z\",\"meta\":{\"title\":\"文章管理\",\"icon\":\"notebook\"},\"parentId\":38,\"path\":\"article\",\"name\":\"article\",\"hidden\":false,\"component\":\"view/community/article/article.vue\",\"sort\":1,\"api\":null,\"extAuth\":null,\"children\":[]}]},{\"id\":2,\"createdAt\":\"2022-10-15T13:37:41Z\",\"meta\":{\"title\":\"关于我们\",\"icon\":\"message\"},\"parentId\":0,\"path\":\"about\",\"name\":\"about\",\"hidden\":false,\"component\":\"view/about/index.vue\",\"sort\":4,\"api\":null,\"extAuth\":null,\"children\":[]},{\"id\":8,\"createdAt\":\"2022-10-15T13:37:47Z\",\"meta\":{\"title\":\"个人信息\",\"icon\":\"basketball\"},\"parentId\":0,\"path\":\"person\",\"name\":\"person\",\"hidden\":true,\"component\":\"view/person/person.vue\",\"sort\":5,\"api\":null,\"extAuth\":null,\"children\":[]}],\"total\":15,\"page\":1,\"pageSize\":999},\"costTime\":5.04115}', '2022-12-17 07:40:03', '2022-12-17 07:40:03', NULL);
INSERT INTO `record` (`id`, `userId`, `userName`, `ip`, `method`, `path`, `status`, `costTime`, `agent`, `msg`, `params`, `resp`, `createdAt`, `updatedAt`, `deletedAt`) VALUES (681, 1, 'admin', '127.0.0.1', 'GET', '/dictionary', 200, 4.91699, 'Mozilla/5.0 (Macintosh; Intel Mac OS X 10_15_7) AppleWebKit/537.36 (KHTML, like Gecko) Chrome/108.0.0.0 Safari/537.36', '分页查询字典目录成功', '{\"page\":\"1\",\"pageSize\":\"10\"}', '{\"code\":0,\"msg\":\"分页查询字典目录成功\",\"data\":{\"list\":[{\"id\":9,\"createdAt\":\"2022-10-01T05:40:34Z\",\"pid\":0,\"name\":\"菜单权限类型\",\"value\":\"powerType\",\"super\":1,\"sort\":50,\"desc\":\"菜单权限类型\"},{\"id\":16,\"createdAt\":\"2022-10-01T05:40:15Z\",\"pid\":0,\"name\":\"人员身份类型\",\"value\":\"idType\",\"super\":2,\"sort\":50,\"desc\":\"人员身份类型\"},{\"id\":24,\"createdAt\":\"2022-12-11T06:06:11Z\",\"pid\":0,\"name\":\"文章分类\",\"value\":\"category\",\"super\":1,\"sort\":50,\"desc\":\"社区-文章分类\"},{\"id\":25,\"createdAt\":\"2022-12-11T06:18:48Z\",\"pid\":0,\"name\":\"文章标记\",\"value\":\"mark\",\"super\":1,\"sort\":50,\"desc\":\"社区-文章标记\"},{\"id\":26,\"createdAt\":\"2022-12-11T07:08:00Z\",\"pid\":0,\"name\":\"文章标签\",\"value\":\"tagList\",\"super\":1,\"sort\":50,\"desc\":\"文章标签\"}],\"total\":5,\"page\":1,\"pageSize\":10},\"costTime\":4.85197}', '2022-12-17 07:40:06', '2022-12-17 07:40:06', NULL);
INSERT INTO `record` (`id`, `userId`, `userName`, `ip`, `method`, `path`, `status`, `costTime`, `agent`, `msg`, `params`, `resp`, `createdAt`, `updatedAt`, `deletedAt`) VALUES (682, 1, 'admin', '127.0.0.1', 'GET', '/dictionary/24', 200, 5.48301, 'Mozilla/5.0 (Macintosh; Intel Mac OS X 10_15_7) AppleWebKit/537.36 (KHTML, like Gecko) Chrome/108.0.0.0 Safari/537.36', '查询单条字典目录成功', '{}', '{\"code\":0,\"msg\":\"查询单条字典目录成功\",\"data\":{\"id\":24,\"createdAt\":\"2022-12-11T06:06:11Z\",\"pid\":0,\"name\":\"文章分类\",\"value\":\"category\",\"super\":1,\"sort\":50,\"desc\":\"社区-文章分类\"},\"costTime\":5.43898}', '2022-12-17 07:40:24', '2022-12-17 07:40:24', NULL);
INSERT INTO `record` (`id`, `userId`, `userName`, `ip`, `method`, `path`, `status`, `costTime`, `agent`, `msg`, `params`, `resp`, `createdAt`, `updatedAt`, `deletedAt`) VALUES (683, 1, 'admin', '127.0.0.1', 'GET', '/dictionary/24', 200, 4.52813, 'Mozilla/5.0 (Macintosh; Intel Mac OS X 10_15_7) AppleWebKit/537.36 (KHTML, like Gecko) Chrome/108.0.0.0 Safari/537.36', '查询单条字典目录成功', '{}', '{\"code\":0,\"msg\":\"查询单条字典目录成功\",\"data\":{\"id\":24,\"createdAt\":\"2022-12-11T06:06:11Z\",\"pid\":0,\"name\":\"文章分类\",\"value\":\"category\",\"super\":1,\"sort\":50,\"desc\":\"社区-文章分类\"},\"costTime\":4.47002}', '2022-12-17 07:40:33', '2022-12-17 07:40:33', NULL);
INSERT INTO `record` (`id`, `userId`, `userName`, `ip`, `method`, `path`, `status`, `costTime`, `agent`, `msg`, `params`, `resp`, `createdAt`, `updatedAt`, `deletedAt`) VALUES (684, 1, 'admin', '127.0.0.1', 'GET', '/dictionary', 200, 18.40102, 'Mozilla/5.0 (Macintosh; Intel Mac OS X 10_15_7) AppleWebKit/537.36 (KHTML, like Gecko) Chrome/108.0.0.0 Safari/537.36', '分页查询字典目录成功', '{\"page\":\"1\",\"pageSize\":\"10\"}', '{\"code\":0,\"msg\":\"分页查询字典目录成功\",\"data\":{\"list\":[{\"id\":9,\"createdAt\":\"2022-10-01T05:40:34Z\",\"pid\":0,\"name\":\"菜单权限类型\",\"value\":\"powerType\",\"super\":1,\"sort\":50,\"desc\":\"菜单权限类型\"},{\"id\":16,\"createdAt\":\"2022-10-01T05:40:15Z\",\"pid\":0,\"name\":\"人员身份类型\",\"value\":\"idType\",\"super\":2,\"sort\":50,\"desc\":\"人员身份类型\"},{\"id\":24,\"createdAt\":\"2022-12-11T06:06:11Z\",\"pid\":0,\"name\":\"文章分类\",\"value\":\"category\",\"super\":1,\"sort\":50,\"desc\":\"社区-文章分类\"},{\"id\":25,\"createdAt\":\"2022-12-11T06:18:48Z\",\"pid\":0,\"name\":\"文章标记\",\"value\":\"mark\",\"super\":1,\"sort\":50,\"desc\":\"社区-文章标记\"},{\"id\":26,\"createdAt\":\"2022-12-11T07:08:00Z\",\"pid\":0,\"name\":\"文章标签\",\"value\":\"tagList\",\"super\":1,\"sort\":50,\"desc\":\"文章标签\"}],\"total\":5,\"page\":1,\"pageSize\":10},\"costTime\":18.33395}', '2022-12-17 07:40:48', '2022-12-17 07:40:48', NULL);
INSERT INTO `record` (`id`, `userId`, `userName`, `ip`, `method`, `path`, `status`, `costTime`, `agent`, `msg`, `params`, `resp`, `createdAt`, `updatedAt`, `deletedAt`) VALUES (685, 1, 'admin', '127.0.0.1', 'GET', '/dictionary/24', 200, 7.69613, 'Mozilla/5.0 (Macintosh; Intel Mac OS X 10_15_7) AppleWebKit/537.36 (KHTML, like Gecko) Chrome/108.0.0.0 Safari/537.36', '查询单条字典目录成功', '{}', '{\"code\":0,\"msg\":\"查询单条字典目录成功\",\"data\":{\"id\":24,\"createdAt\":\"2022-12-11T06:06:11Z\",\"pid\":0,\"name\":\"文章分类\",\"value\":\"category\",\"super\":1,\"sort\":50,\"desc\":\"社区-文章分类\"},\"costTime\":7.65901}', '2022-12-17 07:40:51', '2022-12-17 07:40:51', NULL);
INSERT INTO `record` (`id`, `userId`, `userName`, `ip`, `method`, `path`, `status`, `costTime`, `agent`, `msg`, `params`, `resp`, `createdAt`, `updatedAt`, `deletedAt`) VALUES (686, 1, 'admin', '127.0.0.1', 'PUT', '/dictionary', 200, 26.27302, 'Mozilla/5.0 (Macintosh; Intel Mac OS X 10_15_7) AppleWebKit/537.36 (KHTML, like Gecko) Chrome/108.0.0.0 Safari/537.36', '更新字典目录成功', '{\"id\":24,\"createdAt\":\"2022-12-11T06:06:11Z\",\"pid\":0,\"name\":\"文章分类\",\"value\":\"category\",\"super\":2,\"sort\":50,\"desc\":\"社区-文章分类\"}', '{\"code\":0,\"msg\":\"更新字典目录成功\",\"data\":{\"id\":24,\"createdAt\":\"2022-12-11T06:06:11Z\",\"pid\":0,\"name\":\"文章分类\",\"value\":\"category\",\"super\":2,\"sort\":50,\"desc\":\"社区-文章分类\"},\"costTime\":26.2359}', '2022-12-17 07:40:54', '2022-12-17 07:40:54', NULL);
INSERT INTO `record` (`id`, `userId`, `userName`, `ip`, `method`, `path`, `status`, `costTime`, `agent`, `msg`, `params`, `resp`, `createdAt`, `updatedAt`, `deletedAt`) VALUES (687, 1, 'admin', '127.0.0.1', 'GET', '/dictionary', 200, 19.08890, 'Mozilla/5.0 (Macintosh; Intel Mac OS X 10_15_7) AppleWebKit/537.36 (KHTML, like Gecko) Chrome/108.0.0.0 Safari/537.36', '分页查询字典目录成功', '{\"page\":\"1\",\"pageSize\":\"10\"}', '{\"code\":0,\"msg\":\"分页查询字典目录成功\",\"data\":{\"list\":[{\"id\":9,\"createdAt\":\"2022-10-01T05:40:34Z\",\"pid\":0,\"name\":\"菜单权限类型\",\"value\":\"powerType\",\"super\":1,\"sort\":50,\"desc\":\"菜单权限类型\"},{\"id\":16,\"createdAt\":\"2022-10-01T05:40:15Z\",\"pid\":0,\"name\":\"人员身份类型\",\"value\":\"idType\",\"super\":2,\"sort\":50,\"desc\":\"人员身份类型\"},{\"id\":24,\"createdAt\":\"2022-12-11T06:06:11Z\",\"pid\":0,\"name\":\"文章分类\",\"value\":\"category\",\"super\":2,\"sort\":50,\"desc\":\"社区-文章分类\"},{\"id\":25,\"createdAt\":\"2022-12-11T06:18:48Z\",\"pid\":0,\"name\":\"文章标记\",\"value\":\"mark\",\"super\":1,\"sort\":50,\"desc\":\"社区-文章标记\"},{\"id\":26,\"createdAt\":\"2022-12-11T07:08:00Z\",\"pid\":0,\"name\":\"文章标签\",\"value\":\"tagList\",\"super\":1,\"sort\":50,\"desc\":\"文章标签\"}],\"total\":5,\"page\":1,\"pageSize\":10},\"costTime\":19.03078}', '2022-12-17 07:40:57', '2022-12-17 07:40:57', NULL);
INSERT INTO `record` (`id`, `userId`, `userName`, `ip`, `method`, `path`, `status`, `costTime`, `agent`, `msg`, `params`, `resp`, `createdAt`, `updatedAt`, `deletedAt`) VALUES (688, 1, 'admin', '127.0.0.1', 'GET', '/dictionary/25', 200, 8.85299, 'Mozilla/5.0 (Macintosh; Intel Mac OS X 10_15_7) AppleWebKit/537.36 (KHTML, like Gecko) Chrome/108.0.0.0 Safari/537.36', '查询单条字典目录成功', '{}', '{\"code\":0,\"msg\":\"查询单条字典目录成功\",\"data\":{\"id\":25,\"createdAt\":\"2022-12-11T06:18:48Z\",\"pid\":0,\"name\":\"文章标记\",\"value\":\"mark\",\"super\":1,\"sort\":50,\"desc\":\"社区-文章标记\"},\"costTime\":8.82202}', '2022-12-17 07:41:00', '2022-12-17 07:41:00', NULL);
INSERT INTO `record` (`id`, `userId`, `userName`, `ip`, `method`, `path`, `status`, `costTime`, `agent`, `msg`, `params`, `resp`, `createdAt`, `updatedAt`, `deletedAt`) VALUES (689, 1, 'admin', '127.0.0.1', 'PUT', '/dictionary', 200, 20.59418, 'Mozilla/5.0 (Macintosh; Intel Mac OS X 10_15_7) AppleWebKit/537.36 (KHTML, like Gecko) Chrome/108.0.0.0 Safari/537.36', '更新字典目录成功', '{\"id\":25,\"createdAt\":\"2022-12-11T06:18:48Z\",\"pid\":0,\"name\":\"文章标记\",\"value\":\"mark\",\"super\":2,\"sort\":50,\"desc\":\"社区-文章标记\"}', '{\"code\":0,\"msg\":\"更新字典目录成功\",\"data\":{\"id\":25,\"createdAt\":\"2022-12-11T06:18:48Z\",\"pid\":0,\"name\":\"文章标记\",\"value\":\"mark\",\"super\":2,\"sort\":50,\"desc\":\"社区-文章标记\"},\"costTime\":20.544}', '2022-12-17 07:41:03', '2022-12-17 07:41:03', NULL);
INSERT INTO `record` (`id`, `userId`, `userName`, `ip`, `method`, `path`, `status`, `costTime`, `agent`, `msg`, `params`, `resp`, `createdAt`, `updatedAt`, `deletedAt`) VALUES (690, 1, 'admin', '127.0.0.1', 'GET', '/dictionary', 200, 17.39392, 'Mozilla/5.0 (Macintosh; Intel Mac OS X 10_15_7) AppleWebKit/537.36 (KHTML, like Gecko) Chrome/108.0.0.0 Safari/537.36', '分页查询字典目录成功', '{\"page\":\"1\",\"pageSize\":\"10\"}', '{\"code\":0,\"msg\":\"分页查询字典目录成功\",\"data\":{\"list\":[{\"id\":9,\"createdAt\":\"2022-10-01T05:40:34Z\",\"pid\":0,\"name\":\"菜单权限类型\",\"value\":\"powerType\",\"super\":1,\"sort\":50,\"desc\":\"菜单权限类型\"},{\"id\":16,\"createdAt\":\"2022-10-01T05:40:15Z\",\"pid\":0,\"name\":\"人员身份类型\",\"value\":\"idType\",\"super\":2,\"sort\":50,\"desc\":\"人员身份类型\"},{\"id\":24,\"createdAt\":\"2022-12-11T06:06:11Z\",\"pid\":0,\"name\":\"文章分类\",\"value\":\"category\",\"super\":2,\"sort\":50,\"desc\":\"社区-文章分类\"},{\"id\":25,\"createdAt\":\"2022-12-11T06:18:48Z\",\"pid\":0,\"name\":\"文章标记\",\"value\":\"mark\",\"super\":2,\"sort\":50,\"desc\":\"社区-文章标记\"},{\"id\":26,\"createdAt\":\"2022-12-11T07:08:00Z\",\"pid\":0,\"name\":\"文章标签\",\"value\":\"tagList\",\"super\":1,\"sort\":50,\"desc\":\"文章标签\"}],\"total\":5,\"page\":1,\"pageSize\":10},\"costTime\":17.34093}', '2022-12-17 07:41:06', '2022-12-17 07:41:06', NULL);
INSERT INTO `record` (`id`, `userId`, `userName`, `ip`, `method`, `path`, `status`, `costTime`, `agent`, `msg`, `params`, `resp`, `createdAt`, `updatedAt`, `deletedAt`) VALUES (691, 1, 'admin', '127.0.0.1', 'GET', '/dictionary/26', 200, 8.29414, 'Mozilla/5.0 (Macintosh; Intel Mac OS X 10_15_7) AppleWebKit/537.36 (KHTML, like Gecko) Chrome/108.0.0.0 Safari/537.36', '查询单条字典目录成功', '{}', '{\"code\":0,\"msg\":\"查询单条字典目录成功\",\"data\":{\"id\":26,\"createdAt\":\"2022-12-11T07:08:00Z\",\"pid\":0,\"name\":\"文章标签\",\"value\":\"tagList\",\"super\":1,\"sort\":50,\"desc\":\"文章标签\"},\"costTime\":8.26317}', '2022-12-17 07:41:09', '2022-12-17 07:41:09', NULL);
INSERT INTO `record` (`id`, `userId`, `userName`, `ip`, `method`, `path`, `status`, `costTime`, `agent`, `msg`, `params`, `resp`, `createdAt`, `updatedAt`, `deletedAt`) VALUES (692, 1, 'admin', '127.0.0.1', 'PUT', '/dictionary', 200, 20.15309, 'Mozilla/5.0 (Macintosh; Intel Mac OS X 10_15_7) AppleWebKit/537.36 (KHTML, like Gecko) Chrome/108.0.0.0 Safari/537.36', '更新字典目录成功', '{\"id\":26,\"createdAt\":\"2022-12-11T07:08:00Z\",\"pid\":0,\"name\":\"文章标签\",\"value\":\"tagList\",\"super\":2,\"sort\":50,\"desc\":\"文章标签\"}', '{\"code\":0,\"msg\":\"更新字典目录成功\",\"data\":{\"id\":26,\"createdAt\":\"2022-12-11T07:08:00Z\",\"pid\":0,\"name\":\"文章标签\",\"value\":\"tagList\",\"super\":2,\"sort\":50,\"desc\":\"文章标签\"},\"costTime\":20.10317}', '2022-12-17 07:41:12', '2022-12-17 07:41:12', NULL);
INSERT INTO `record` (`id`, `userId`, `userName`, `ip`, `method`, `path`, `status`, `costTime`, `agent`, `msg`, `params`, `resp`, `createdAt`, `updatedAt`, `deletedAt`) VALUES (693, 1, 'admin', '127.0.0.1', 'GET', '/dictionary', 200, 19.01696, 'Mozilla/5.0 (Macintosh; Intel Mac OS X 10_15_7) AppleWebKit/537.36 (KHTML, like Gecko) Chrome/108.0.0.0 Safari/537.36', '分页查询字典目录成功', '{\"page\":\"1\",\"pageSize\":\"10\"}', '{\"code\":0,\"msg\":\"分页查询字典目录成功\",\"data\":{\"list\":[{\"id\":9,\"createdAt\":\"2022-10-01T05:40:34Z\",\"pid\":0,\"name\":\"菜单权限类型\",\"value\":\"powerType\",\"super\":1,\"sort\":50,\"desc\":\"菜单权限类型\"},{\"id\":16,\"createdAt\":\"2022-10-01T05:40:15Z\",\"pid\":0,\"name\":\"人员身份类型\",\"value\":\"idType\",\"super\":2,\"sort\":50,\"desc\":\"人员身份类型\"},{\"id\":24,\"createdAt\":\"2022-12-11T06:06:11Z\",\"pid\":0,\"name\":\"文章分类\",\"value\":\"category\",\"super\":2,\"sort\":50,\"desc\":\"社区-文章分类\"},{\"id\":25,\"createdAt\":\"2022-12-11T06:18:48Z\",\"pid\":0,\"name\":\"文章标记\",\"value\":\"mark\",\"super\":2,\"sort\":50,\"desc\":\"社区-文章标记\"},{\"id\":26,\"createdAt\":\"2022-12-11T07:08:00Z\",\"pid\":0,\"name\":\"文章标签\",\"value\":\"tagList\",\"super\":2,\"sort\":50,\"desc\":\"文章标签\"}],\"total\":5,\"page\":1,\"pageSize\":10},\"costTime\":18.9609}', '2022-12-17 07:41:15', '2022-12-17 07:41:15', NULL);
INSERT INTO `record` (`id`, `userId`, `userName`, `ip`, `method`, `path`, `status`, `costTime`, `agent`, `msg`, `params`, `resp`, `createdAt`, `updatedAt`, `deletedAt`) VALUES (694, 1, 'admin', '127.0.0.1', 'GET', '/dictionary', 200, 14.76301, 'Mozilla/5.0 (Macintosh; Intel Mac OS X 10_15_7) AppleWebKit/537.36 (KHTML, like Gecko) Chrome/108.0.0.0 Safari/537.36', '分页查询字典目录成功', '{\"page\":\"1\",\"pageSize\":\"10\",\"super\":\"2\"}', '{\"code\":0,\"msg\":\"分页查询字典目录成功\",\"data\":{\"list\":[{\"id\":16,\"createdAt\":\"2022-10-01T05:40:15Z\",\"pid\":0,\"name\":\"人员身份类型\",\"value\":\"idType\",\"super\":2,\"sort\":50,\"desc\":\"人员身份类型\"},{\"id\":24,\"createdAt\":\"2022-12-11T06:06:11Z\",\"pid\":0,\"name\":\"文章分类\",\"value\":\"category\",\"super\":2,\"sort\":50,\"desc\":\"社区-文章分类\"},{\"id\":25,\"createdAt\":\"2022-12-11T06:18:48Z\",\"pid\":0,\"name\":\"文章标记\",\"value\":\"mark\",\"super\":2,\"sort\":50,\"desc\":\"社区-文章标记\"},{\"id\":26,\"createdAt\":\"2022-12-11T07:08:00Z\",\"pid\":0,\"name\":\"文章标签\",\"value\":\"tagList\",\"super\":2,\"sort\":50,\"desc\":\"文章标签\"}],\"total\":4,\"page\":1,\"pageSize\":10},\"costTime\":14.71693}', '2022-12-17 07:41:18', '2022-12-17 07:41:18', NULL);
INSERT INTO `record` (`id`, `userId`, `userName`, `ip`, `method`, `path`, `status`, `costTime`, `agent`, `msg`, `params`, `resp`, `createdAt`, `updatedAt`, `deletedAt`) VALUES (695, 1, 'admin', '127.0.0.1', 'GET', '/dictionary', 200, 15.62214, 'Mozilla/5.0 (Macintosh; Intel Mac OS X 10_15_7) AppleWebKit/537.36 (KHTML, like Gecko) Chrome/108.0.0.0 Safari/537.36', '分页查询字典目录成功', '{\"page\":\"1\",\"pageSize\":\"10\",\"super\":\"1\"}', '{\"code\":0,\"msg\":\"分页查询字典目录成功\",\"data\":{\"list\":[{\"id\":9,\"createdAt\":\"2022-10-01T05:40:34Z\",\"pid\":0,\"name\":\"菜单权限类型\",\"value\":\"powerType\",\"super\":1,\"sort\":50,\"desc\":\"菜单权限类型\"}],\"total\":1,\"page\":1,\"pageSize\":10},\"costTime\":15.57299}', '2022-12-17 07:41:21', '2022-12-17 07:41:21', NULL);
INSERT INTO `record` (`id`, `userId`, `userName`, `ip`, `method`, `path`, `status`, `costTime`, `agent`, `msg`, `params`, `resp`, `createdAt`, `updatedAt`, `deletedAt`) VALUES (696, 1, 'admin', '127.0.0.1', 'GET', '/dictionary', 200, 6.96397, 'Mozilla/5.0 (Macintosh; Intel Mac OS X 10_15_7) AppleWebKit/537.36 (KHTML, like Gecko) Chrome/108.0.0.0 Safari/537.36', '分页查询字典目录成功', '{\"page\":\"1\",\"pageSize\":\"10\"}', '{\"code\":0,\"msg\":\"分页查询字典目录成功\",\"data\":{\"list\":[{\"id\":9,\"createdAt\":\"2022-10-01T05:40:34Z\",\"pid\":0,\"name\":\"菜单权限类型\",\"value\":\"powerType\",\"super\":1,\"sort\":50,\"desc\":\"菜单权限类型\"},{\"id\":16,\"createdAt\":\"2022-10-01T05:40:15Z\",\"pid\":0,\"name\":\"人员身份类型\",\"value\":\"idType\",\"super\":2,\"sort\":50,\"desc\":\"人员身份类型\"},{\"id\":24,\"createdAt\":\"2022-12-11T06:06:11Z\",\"pid\":0,\"name\":\"文章分类\",\"value\":\"category\",\"super\":2,\"sort\":50,\"desc\":\"社区-文章分类\"},{\"id\":25,\"createdAt\":\"2022-12-11T06:18:48Z\",\"pid\":0,\"name\":\"文章标记\",\"value\":\"mark\",\"super\":2,\"sort\":50,\"desc\":\"社区-文章标记\"},{\"id\":26,\"createdAt\":\"2022-12-11T07:08:00Z\",\"pid\":0,\"name\":\"文章标签\",\"value\":\"tagList\",\"super\":2,\"sort\":50,\"desc\":\"文章标签\"}],\"total\":5,\"page\":1,\"pageSize\":10},\"costTime\":6.90893}', '2022-12-17 07:41:24', '2022-12-17 07:41:24', NULL);
INSERT INTO `record` (`id`, `userId`, `userName`, `ip`, `method`, `path`, `status`, `costTime`, `agent`, `msg`, `params`, `resp`, `createdAt`, `updatedAt`, `deletedAt`) VALUES (697, 1, 'admin', '127.0.0.1', 'GET', '/dictionary/9', 200, 15.73709, 'Mozilla/5.0 (Macintosh; Intel Mac OS X 10_15_7) AppleWebKit/537.36 (KHTML, like Gecko) Chrome/108.0.0.0 Safari/537.36', '查询单条字典目录成功', '{}', '{\"code\":0,\"msg\":\"查询单条字典目录成功\",\"data\":{\"id\":9,\"createdAt\":\"2022-10-01T05:40:34Z\",\"pid\":0,\"name\":\"菜单权限类型\",\"value\":\"powerType\",\"super\":1,\"sort\":50,\"desc\":\"菜单权限类型\"},\"costTime\":15.69203}', '2022-12-17 07:41:27', '2022-12-17 07:41:27', NULL);
INSERT INTO `record` (`id`, `userId`, `userName`, `ip`, `method`, `path`, `status`, `costTime`, `agent`, `msg`, `params`, `resp`, `createdAt`, `updatedAt`, `deletedAt`) VALUES (698, 1, 'admin', '127.0.0.1', 'PUT', '/dictionary', 200, 22.27021, 'Mozilla/5.0 (Macintosh; Intel Mac OS X 10_15_7) AppleWebKit/537.36 (KHTML, like Gecko) Chrome/108.0.0.0 Safari/537.36', '更新字典目录成功', '{\"id\":9,\"createdAt\":\"2022-10-01T05:40:34Z\",\"pid\":0,\"name\":\"菜单权限类型\",\"value\":\"powerType\",\"super\":2,\"sort\":50,\"desc\":\"菜单权限类型\"}', '{\"code\":0,\"msg\":\"更新字典目录成功\",\"data\":{\"id\":9,\"createdAt\":\"2022-10-01T05:40:34Z\",\"pid\":0,\"name\":\"菜单权限类型\",\"value\":\"powerType\",\"super\":2,\"sort\":50,\"desc\":\"菜单权限类型\"},\"costTime\":22.2272}', '2022-12-17 07:41:30', '2022-12-17 07:41:30', NULL);
INSERT INTO `record` (`id`, `userId`, `userName`, `ip`, `method`, `path`, `status`, `costTime`, `agent`, `msg`, `params`, `resp`, `createdAt`, `updatedAt`, `deletedAt`) VALUES (699, 1, 'admin', '127.0.0.1', 'GET', '/dictionary', 200, 22.46886, 'Mozilla/5.0 (Macintosh; Intel Mac OS X 10_15_7) AppleWebKit/537.36 (KHTML, like Gecko) Chrome/108.0.0.0 Safari/537.36', '分页查询字典目录成功', '{\"page\":\"1\",\"pageSize\":\"10\"}', '{\"code\":0,\"msg\":\"分页查询字典目录成功\",\"data\":{\"list\":[{\"id\":9,\"createdAt\":\"2022-10-01T05:40:34Z\",\"pid\":0,\"name\":\"菜单权限类型\",\"value\":\"powerType\",\"super\":2,\"sort\":50,\"desc\":\"菜单权限类型\"},{\"id\":16,\"createdAt\":\"2022-10-01T05:40:15Z\",\"pid\":0,\"name\":\"人员身份类型\",\"value\":\"idType\",\"super\":2,\"sort\":50,\"desc\":\"人员身份类型\"},{\"id\":24,\"createdAt\":\"2022-12-11T06:06:11Z\",\"pid\":0,\"name\":\"文章分类\",\"value\":\"category\",\"super\":2,\"sort\":50,\"desc\":\"社区-文章分类\"},{\"id\":25,\"createdAt\":\"2022-12-11T06:18:48Z\",\"pid\":0,\"name\":\"文章标记\",\"value\":\"mark\",\"super\":2,\"sort\":50,\"desc\":\"社区-文章标记\"},{\"id\":26,\"createdAt\":\"2022-12-11T07:08:00Z\",\"pid\":0,\"name\":\"文章标签\",\"value\":\"tagList\",\"super\":2,\"sort\":50,\"desc\":\"文章标签\"}],\"total\":5,\"page\":1,\"pageSize\":10},\"costTime\":22.40998}', '2022-12-17 07:41:33', '2022-12-17 07:41:33', NULL);
INSERT INTO `record` (`id`, `userId`, `userName`, `ip`, `method`, `path`, `status`, `costTime`, `agent`, `msg`, `params`, `resp`, `createdAt`, `updatedAt`, `deletedAt`) VALUES (700, 1, 'admin', '127.0.0.1', 'GET', '/dictionary', 200, 6.10278, 'Mozilla/5.0 (Macintosh; Intel Mac OS X 10_15_7) AppleWebKit/537.36 (KHTML, like Gecko) Chrome/108.0.0.0 Safari/537.36', '分页查询字典目录成功', '{\"page\":\"1\",\"pageSize\":\"10\"}', '{\"code\":0,\"msg\":\"分页查询字典目录成功\",\"data\":{\"list\":[{\"id\":9,\"createdAt\":\"2022-10-01T05:40:34Z\",\"pid\":0,\"name\":\"菜单权限类型\",\"value\":\"powerType\",\"super\":2,\"sort\":50,\"desc\":\"菜单权限类型\"},{\"id\":16,\"createdAt\":\"2022-10-01T05:40:15Z\",\"pid\":0,\"name\":\"人员身份类型\",\"value\":\"idType\",\"super\":2,\"sort\":50,\"desc\":\"人员身份类型\"},{\"id\":24,\"createdAt\":\"2022-12-11T06:06:11Z\",\"pid\":0,\"name\":\"文章分类\",\"value\":\"category\",\"super\":2,\"sort\":50,\"desc\":\"社区-文章分类\"},{\"id\":25,\"createdAt\":\"2022-12-11T06:18:48Z\",\"pid\":0,\"name\":\"文章标记\",\"value\":\"mark\",\"super\":2,\"sort\":50,\"desc\":\"社区-文章标记\"},{\"id\":26,\"createdAt\":\"2022-12-11T07:08:00Z\",\"pid\":0,\"name\":\"文章标签\",\"value\":\"tagList\",\"super\":2,\"sort\":50,\"desc\":\"文章标签\"}],\"total\":5,\"page\":1,\"pageSize\":10},\"costTime\":6.05389}', '2022-12-17 07:41:36', '2022-12-17 07:41:36', NULL);
INSERT INTO `record` (`id`, `userId`, `userName`, `ip`, `method`, `path`, `status`, `costTime`, `agent`, `msg`, `params`, `resp`, `createdAt`, `updatedAt`, `deletedAt`) VALUES (701, 1, 'admin', '127.0.0.1', 'GET', '/dictionary', 200, 8.88192, 'Mozilla/5.0 (Macintosh; Intel Mac OS X 10_15_7) AppleWebKit/537.36 (KHTML, like Gecko) Chrome/108.0.0.0 Safari/537.36', '分页查询字典目录成功', '{\"page\":\"1\",\"pageSize\":\"10\"}', '{\"code\":0,\"msg\":\"分页查询字典目录成功\",\"data\":{\"list\":[{\"id\":9,\"createdAt\":\"2022-10-01T05:40:34Z\",\"pid\":0,\"name\":\"菜单权限类型\",\"value\":\"powerType\",\"super\":2,\"sort\":50,\"desc\":\"菜单权限类型\"},{\"id\":16,\"createdAt\":\"2022-10-01T05:40:15Z\",\"pid\":0,\"name\":\"人员身份类型\",\"value\":\"idType\",\"super\":2,\"sort\":50,\"desc\":\"人员身份类型\"},{\"id\":24,\"createdAt\":\"2022-12-11T06:06:11Z\",\"pid\":0,\"name\":\"文章分类\",\"value\":\"category\",\"super\":2,\"sort\":50,\"desc\":\"社区-文章分类\"},{\"id\":25,\"createdAt\":\"2022-12-11T06:18:48Z\",\"pid\":0,\"name\":\"文章标记\",\"value\":\"mark\",\"super\":2,\"sort\":50,\"desc\":\"社区-文章标记\"},{\"id\":26,\"createdAt\":\"2022-12-11T07:08:00Z\",\"pid\":0,\"name\":\"文章标签\",\"value\":\"tagList\",\"super\":2,\"sort\":50,\"desc\":\"文章标签\"}],\"total\":5,\"page\":1,\"pageSize\":10},\"costTime\":8.83507}', '2022-12-17 07:41:39', '2022-12-17 07:41:39', NULL);
INSERT INTO `record` (`id`, `userId`, `userName`, `ip`, `method`, `path`, `status`, `costTime`, `agent`, `msg`, `params`, `resp`, `createdAt`, `updatedAt`, `deletedAt`) VALUES (702, 1, 'admin', '127.0.0.1', 'GET', '/dictionary', 200, 6.21619, 'Mozilla/5.0 (Macintosh; Intel Mac OS X 10_15_7) AppleWebKit/537.36 (KHTML, like Gecko) Chrome/108.0.0.0 Safari/537.36', '分页查询字典目录成功', '{\"page\":\"1\",\"pageSize\":\"10\"}', '{\"code\":0,\"msg\":\"分页查询字典目录成功\",\"data\":{\"list\":[{\"id\":9,\"createdAt\":\"2022-10-01T05:40:34Z\",\"pid\":0,\"name\":\"菜单权限类型\",\"value\":\"powerType\",\"super\":2,\"sort\":50,\"desc\":\"菜单权限类型\"},{\"id\":16,\"createdAt\":\"2022-10-01T05:40:15Z\",\"pid\":0,\"name\":\"人员身份类型\",\"value\":\"idType\",\"super\":2,\"sort\":50,\"desc\":\"人员身份类型\"},{\"id\":24,\"createdAt\":\"2022-12-11T06:06:11Z\",\"pid\":0,\"name\":\"文章分类\",\"value\":\"category\",\"super\":2,\"sort\":50,\"desc\":\"社区-文章分类\"},{\"id\":25,\"createdAt\":\"2022-12-11T06:18:48Z\",\"pid\":0,\"name\":\"文章标记\",\"value\":\"mark\",\"super\":2,\"sort\":50,\"desc\":\"社区-文章标记\"},{\"id\":26,\"createdAt\":\"2022-12-11T07:08:00Z\",\"pid\":0,\"name\":\"文章标签\",\"value\":\"tagList\",\"super\":2,\"sort\":50,\"desc\":\"文章标签\"}],\"total\":5,\"page\":1,\"pageSize\":10},\"costTime\":6.16294}', '2022-12-17 07:41:42', '2022-12-17 07:41:42', NULL);
INSERT INTO `record` (`id`, `userId`, `userName`, `ip`, `method`, `path`, `status`, `costTime`, `agent`, `msg`, `params`, `resp`, `createdAt`, `updatedAt`, `deletedAt`) VALUES (703, 1, 'admin', '127.0.0.1', 'POST', '/dictionary', 200, 32.55117, 'Mozilla/5.0 (Macintosh; Intel Mac OS X 10_15_7) AppleWebKit/537.36 (KHTML, like Gecko) Chrome/108.0.0.0 Safari/537.36', '创建字典目录成功', '{\"pid\":0,\"super\":0,\"name\":\"话题标签\",\"value\":\"topic\",\"sort\":50,\"desc\":\"话题标签\"}', '{\"code\":0,\"msg\":\"创建字典目录成功\",\"data\":{\"id\":27,\"createdAt\":\"2022-12-17T15:45:26.65+08:00\",\"pid\":0,\"name\":\"话题标签\",\"value\":\"topic\",\"super\":0,\"sort\":50,\"desc\":\"话题标签\"},\"costTime\":32.512}', '2022-12-17 07:45:27', '2022-12-17 07:45:27', NULL);
INSERT INTO `record` (`id`, `userId`, `userName`, `ip`, `method`, `path`, `status`, `costTime`, `agent`, `msg`, `params`, `resp`, `createdAt`, `updatedAt`, `deletedAt`) VALUES (704, 1, 'admin', '127.0.0.1', 'GET', '/dictionary', 200, 12.38195, 'Mozilla/5.0 (Macintosh; Intel Mac OS X 10_15_7) AppleWebKit/537.36 (KHTML, like Gecko) Chrome/108.0.0.0 Safari/537.36', '分页查询字典目录成功', '{\"page\":\"1\",\"pageSize\":\"10\"}', '{\"code\":0,\"msg\":\"分页查询字典目录成功\",\"data\":{\"list\":[{\"id\":9,\"createdAt\":\"2022-10-01T05:40:34Z\",\"pid\":0,\"name\":\"菜单权限类型\",\"value\":\"powerType\",\"super\":2,\"sort\":50,\"desc\":\"菜单权限类型\"},{\"id\":16,\"createdAt\":\"2022-10-01T05:40:15Z\",\"pid\":0,\"name\":\"人员身份类型\",\"value\":\"idType\",\"super\":2,\"sort\":50,\"desc\":\"人员身份类型\"},{\"id\":24,\"createdAt\":\"2022-12-11T06:06:11Z\",\"pid\":0,\"name\":\"文章分类\",\"value\":\"category\",\"super\":2,\"sort\":50,\"desc\":\"社区-文章分类\"},{\"id\":25,\"createdAt\":\"2022-12-11T06:18:48Z\",\"pid\":0,\"name\":\"文章标记\",\"value\":\"mark\",\"super\":2,\"sort\":50,\"desc\":\"社区-文章标记\"},{\"id\":26,\"createdAt\":\"2022-12-11T07:08:00Z\",\"pid\":0,\"name\":\"文章标签\",\"value\":\"tagList\",\"super\":2,\"sort\":50,\"desc\":\"文章标签\"},{\"id\":27,\"createdAt\":\"2022-12-17T07:45:27Z\",\"pid\":0,\"name\":\"话题标签\",\"value\":\"topic\",\"super\":0,\"sort\":50,\"desc\":\"话题标签\"}],\"total\":6,\"page\":1,\"pageSize\":10},\"costTime\":12.30285}', '2022-12-17 07:45:30', '2022-12-17 07:45:30', NULL);
INSERT INTO `record` (`id`, `userId`, `userName`, `ip`, `method`, `path`, `status`, `costTime`, `agent`, `msg`, `params`, `resp`, `createdAt`, `updatedAt`, `deletedAt`) VALUES (705, 1, 'admin', '127.0.0.1', 'GET', '/dictionaryDetail', 200, 30.77709, 'Mozilla/5.0 (Macintosh; Intel Mac OS X 10_15_7) AppleWebKit/537.36 (KHTML, like Gecko) Chrome/108.0.0.0 Safari/537.36', '分页查询字典目录成功', '{\"page\":\"1\",\"pageSize\":\"10\",\"pid\":\"27\"}', '{\"code\":0,\"msg\":\"分页查询字典目录成功\",\"data\":{\"list\":[],\"total\":0,\"page\":1,\"pageSize\":10},\"costTime\":30.71514}', '2022-12-17 07:45:33', '2022-12-17 07:45:33', NULL);
INSERT INTO `record` (`id`, `userId`, `userName`, `ip`, `method`, `path`, `status`, `costTime`, `agent`, `msg`, `params`, `resp`, `createdAt`, `updatedAt`, `deletedAt`) VALUES (706, 1, 'admin', '127.0.0.1', 'POST', '/dictionaryDetail', 200, 30.93504, 'Mozilla/5.0 (Macintosh; Intel Mac OS X 10_15_7) AppleWebKit/537.36 (KHTML, like Gecko) Chrome/108.0.0.0 Safari/537.36', '创建字典目录成功', '{\"name\":\"健身对你意味着什么\",\"value\":\"workout\",\"super\":0,\"sort\":50,\"desc\":\"\",\"pid\":27}', '{\"code\":0,\"msg\":\"创建字典目录成功\",\"data\":{\"id\":22,\"createdAt\":\"2022-12-17T15:49:07.689+08:00\",\"pid\":27,\"name\":\"健身对你意味着什么\",\"value\":\"workout\",\"super\":0,\"sort\":50,\"desc\":\"\"},\"costTime\":30.86797}', '2022-12-17 07:49:09', '2022-12-17 07:49:09', NULL);
INSERT INTO `record` (`id`, `userId`, `userName`, `ip`, `method`, `path`, `status`, `costTime`, `agent`, `msg`, `params`, `resp`, `createdAt`, `updatedAt`, `deletedAt`) VALUES (707, 1, 'admin', '127.0.0.1', 'GET', '/dictionaryDetail', 200, 22.61504, 'Mozilla/5.0 (Macintosh; Intel Mac OS X 10_15_7) AppleWebKit/537.36 (KHTML, like Gecko) Chrome/108.0.0.0 Safari/537.36', '分页查询字典目录成功', '{\"page\":\"1\",\"pageSize\":\"10\",\"pid\":\"27\"}', '{\"code\":0,\"msg\":\"分页查询字典目录成功\",\"data\":{\"list\":[{\"id\":22,\"createdAt\":\"2022-12-17T07:49:08Z\",\"pid\":27,\"name\":\"健身对你意味着什么\",\"value\":\"workout\",\"super\":0,\"sort\":50,\"desc\":\"\"}],\"total\":1,\"page\":1,\"pageSize\":10},\"costTime\":22.528}', '2022-12-17 07:49:12', '2022-12-17 07:49:12', NULL);
INSERT INTO `record` (`id`, `userId`, `userName`, `ip`, `method`, `path`, `status`, `costTime`, `agent`, `msg`, `params`, `resp`, `createdAt`, `updatedAt`, `deletedAt`) VALUES (708, 1, 'admin', '127.0.0.1', 'POST', '/dictionaryDetail', 200, 21.08595, 'Mozilla/5.0 (Macintosh; Intel Mac OS X 10_15_7) AppleWebKit/537.36 (KHTML, like Gecko) Chrome/108.0.0.0 Safari/537.36', '创建字典目录成功', '{\"name\":\"你的防疫策略\",\"value\":\"2\",\"super\":0,\"sort\":50,\"desc\":\"\",\"pid\":27}', '{\"code\":0,\"msg\":\"创建字典目录成功\",\"data\":{\"id\":23,\"createdAt\":\"2022-12-17T15:55:15.15+08:00\",\"pid\":27,\"name\":\"你的防疫策略\",\"value\":\"2\",\"super\":0,\"sort\":50,\"desc\":\"\"},\"costTime\":21.02195}', '2022-12-17 07:55:18', '2022-12-17 07:55:18', NULL);
INSERT INTO `record` (`id`, `userId`, `userName`, `ip`, `method`, `path`, `status`, `costTime`, `agent`, `msg`, `params`, `resp`, `createdAt`, `updatedAt`, `deletedAt`) VALUES (709, 1, 'admin', '127.0.0.1', 'GET', '/dictionaryDetail', 200, 20.08499, 'Mozilla/5.0 (Macintosh; Intel Mac OS X 10_15_7) AppleWebKit/537.36 (KHTML, like Gecko) Chrome/108.0.0.0 Safari/537.36', '分页查询字典目录成功', '{\"page\":\"1\",\"pageSize\":\"10\",\"pid\":\"27\"}', '{\"code\":0,\"msg\":\"分页查询字典目录成功\",\"data\":{\"list\":[{\"id\":23,\"createdAt\":\"2022-12-17T07:55:15Z\",\"pid\":27,\"name\":\"你的防疫策略\",\"value\":\"2\",\"super\":0,\"sort\":50,\"desc\":\"\"},{\"id\":22,\"createdAt\":\"2022-12-17T07:49:08Z\",\"pid\":27,\"name\":\"健身对你意味着什么\",\"value\":\"workout\",\"super\":0,\"sort\":50,\"desc\":\"\"}],\"total\":2,\"page\":1,\"pageSize\":10},\"costTime\":20.04096}', '2022-12-17 07:55:21', '2022-12-17 07:55:21', NULL);
INSERT INTO `record` (`id`, `userId`, `userName`, `ip`, `method`, `path`, `status`, `costTime`, `agent`, `msg`, `params`, `resp`, `createdAt`, `updatedAt`, `deletedAt`) VALUES (710, 1, 'admin', '127.0.0.1', 'GET', '/dictionaryDetail/22', 200, 7.07507, 'Mozilla/5.0 (Macintosh; Intel Mac OS X 10_15_7) AppleWebKit/537.36 (KHTML, like Gecko) Chrome/108.0.0.0 Safari/537.36', '查询单条字典目录成功', '{}', '{\"code\":0,\"msg\":\"查询单条字典目录成功\",\"data\":{\"id\":22,\"createdAt\":\"2022-12-17T07:49:08Z\",\"pid\":27,\"name\":\"健身对你意味着什么\",\"value\":\"workout\",\"super\":0,\"sort\":50,\"desc\":\"\"},\"costTime\":7.04384}', '2022-12-17 07:55:24', '2022-12-17 07:55:24', NULL);
INSERT INTO `record` (`id`, `userId`, `userName`, `ip`, `method`, `path`, `status`, `costTime`, `agent`, `msg`, `params`, `resp`, `createdAt`, `updatedAt`, `deletedAt`) VALUES (711, 1, 'admin', '127.0.0.1', 'PUT', '/dictionaryDetail', 200, 35.99514, 'Mozilla/5.0 (Macintosh; Intel Mac OS X 10_15_7) AppleWebKit/537.36 (KHTML, like Gecko) Chrome/108.0.0.0 Safari/537.36', '更新字典目录成功', '{\"id\":22,\"createdAt\":\"2022-12-17T07:49:08Z\",\"pid\":27,\"name\":\"健身对你意味着什么\",\"value\":\"1\",\"super\":0,\"sort\":50,\"desc\":\"\"}', '{\"code\":0,\"msg\":\"更新字典目录成功\",\"data\":{\"id\":22,\"createdAt\":\"2022-12-17T07:49:08Z\",\"pid\":27,\"name\":\"健身对你意味着什么\",\"value\":\"1\",\"super\":0,\"sort\":50,\"desc\":\"\"},\"costTime\":35.96006}', '2022-12-17 07:55:27', '2022-12-17 07:55:27', NULL);
INSERT INTO `record` (`id`, `userId`, `userName`, `ip`, `method`, `path`, `status`, `costTime`, `agent`, `msg`, `params`, `resp`, `createdAt`, `updatedAt`, `deletedAt`) VALUES (712, 1, 'admin', '127.0.0.1', 'GET', '/dictionaryDetail', 200, 31.72710, 'Mozilla/5.0 (Macintosh; Intel Mac OS X 10_15_7) AppleWebKit/537.36 (KHTML, like Gecko) Chrome/108.0.0.0 Safari/537.36', '分页查询字典目录成功', '{\"page\":\"1\",\"pageSize\":\"10\",\"pid\":\"27\"}', '{\"code\":0,\"msg\":\"分页查询字典目录成功\",\"data\":{\"list\":[{\"id\":22,\"createdAt\":\"2022-12-17T07:49:08Z\",\"pid\":27,\"name\":\"健身对你意味着什么\",\"value\":\"1\",\"super\":0,\"sort\":50,\"desc\":\"\"},{\"id\":23,\"createdAt\":\"2022-12-17T07:55:15Z\",\"pid\":27,\"name\":\"你的防疫策略\",\"value\":\"2\",\"super\":0,\"sort\":50,\"desc\":\"\"}],\"total\":2,\"page\":1,\"pageSize\":10},\"costTime\":31.67923}', '2022-12-17 07:55:30', '2022-12-17 07:55:30', NULL);
INSERT INTO `record` (`id`, `userId`, `userName`, `ip`, `method`, `path`, `status`, `costTime`, `agent`, `msg`, `params`, `resp`, `createdAt`, `updatedAt`, `deletedAt`) VALUES (713, 1, 'admin', '127.0.0.1', 'POST', '/dictionaryDetail', 200, 35.09990, 'Mozilla/5.0 (Macintosh; Intel Mac OS X 10_15_7) AppleWebKit/537.36 (KHTML, like Gecko) Chrome/108.0.0.0 Safari/537.36', '创建字典目录成功', '{\"name\":\"今年最心动的电影台词\",\"value\":\"3\",\"super\":0,\"sort\":50,\"desc\":\"\",\"pid\":27}', '{\"code\":0,\"msg\":\"创建字典目录成功\",\"data\":{\"id\":24,\"createdAt\":\"2022-12-17T15:55:41.878+08:00\",\"pid\":27,\"name\":\"今年最心动的电影台词\",\"value\":\"3\",\"super\":0,\"sort\":50,\"desc\":\"\"},\"costTime\":35.04589}', '2022-12-17 07:55:42', '2022-12-17 07:55:42', NULL);
INSERT INTO `record` (`id`, `userId`, `userName`, `ip`, `method`, `path`, `status`, `costTime`, `agent`, `msg`, `params`, `resp`, `createdAt`, `updatedAt`, `deletedAt`) VALUES (714, 1, 'admin', '127.0.0.1', 'GET', '/dictionaryDetail', 200, 36.87194, 'Mozilla/5.0 (Macintosh; Intel Mac OS X 10_15_7) AppleWebKit/537.36 (KHTML, like Gecko) Chrome/108.0.0.0 Safari/537.36', '分页查询字典目录成功', '{\"page\":\"1\",\"pageSize\":\"10\",\"pid\":\"27\"}', '{\"code\":0,\"msg\":\"分页查询字典目录成功\",\"data\":{\"list\":[{\"id\":22,\"createdAt\":\"2022-12-17T07:49:08Z\",\"pid\":27,\"name\":\"健身对你意味着什么\",\"value\":\"1\",\"super\":0,\"sort\":50,\"desc\":\"\"},{\"id\":23,\"createdAt\":\"2022-12-17T07:55:15Z\",\"pid\":27,\"name\":\"你的防疫策略\",\"value\":\"2\",\"super\":0,\"sort\":50,\"desc\":\"\"},{\"id\":24,\"createdAt\":\"2022-12-17T07:55:42Z\",\"pid\":27,\"name\":\"今年最心动的电影台词\",\"value\":\"3\",\"super\":0,\"sort\":50,\"desc\":\"\"}],\"total\":3,\"page\":1,\"pageSize\":10},\"costTime\":36.82483}', '2022-12-17 07:55:45', '2022-12-17 07:55:45', NULL);
INSERT INTO `record` (`id`, `userId`, `userName`, `ip`, `method`, `path`, `status`, `costTime`, `agent`, `msg`, `params`, `resp`, `createdAt`, `updatedAt`, `deletedAt`) VALUES (715, 1, 'admin', '127.0.0.1', 'GET', '/dictionaryDetail/24', 200, 7.52282, 'Mozilla/5.0 (Macintosh; Intel Mac OS X 10_15_7) AppleWebKit/537.36 (KHTML, like Gecko) Chrome/108.0.0.0 Safari/537.36', '查询单条字典目录成功', '{}', '{\"code\":0,\"msg\":\"查询单条字典目录成功\",\"data\":{\"id\":24,\"createdAt\":\"2022-12-17T07:55:42Z\",\"pid\":27,\"name\":\"今年最心动的电影台词\",\"value\":\"3\",\"super\":0,\"sort\":50,\"desc\":\"\"},\"costTime\":7.43194}', '2022-12-17 07:55:48', '2022-12-17 07:55:48', NULL);
INSERT INTO `record` (`id`, `userId`, `userName`, `ip`, `method`, `path`, `status`, `costTime`, `agent`, `msg`, `params`, `resp`, `createdAt`, `updatedAt`, `deletedAt`) VALUES (716, 1, 'admin', '127.0.0.1', 'PUT', '/dictionaryDetail', 200, 30.06797, 'Mozilla/5.0 (Macintosh; Intel Mac OS X 10_15_7) AppleWebKit/537.36 (KHTML, like Gecko) Chrome/108.0.0.0 Safari/537.36', '更新字典目录成功', '{\"id\":24,\"createdAt\":\"2022-12-17T07:55:42Z\",\"pid\":27,\"name\":\"年度电影台词\",\"value\":\"3\",\"super\":0,\"sort\":50,\"desc\":\"\"}', '{\"code\":0,\"msg\":\"更新字典目录成功\",\"data\":{\"id\":24,\"createdAt\":\"2022-12-17T07:55:42Z\",\"pid\":27,\"name\":\"年度电影台词\",\"value\":\"3\",\"super\":0,\"sort\":50,\"desc\":\"\"},\"costTime\":30.03085}', '2022-12-17 07:55:57', '2022-12-17 07:55:57', NULL);
INSERT INTO `record` (`id`, `userId`, `userName`, `ip`, `method`, `path`, `status`, `costTime`, `agent`, `msg`, `params`, `resp`, `createdAt`, `updatedAt`, `deletedAt`) VALUES (717, 1, 'admin', '127.0.0.1', 'GET', '/dictionaryDetail', 200, 10.23104, 'Mozilla/5.0 (Macintosh; Intel Mac OS X 10_15_7) AppleWebKit/537.36 (KHTML, like Gecko) Chrome/108.0.0.0 Safari/537.36', '分页查询字典目录成功', '{\"page\":\"1\",\"pageSize\":\"10\",\"pid\":\"27\"}', '{\"code\":0,\"msg\":\"分页查询字典目录成功\",\"data\":{\"list\":[{\"id\":22,\"createdAt\":\"2022-12-17T07:49:08Z\",\"pid\":27,\"name\":\"健身对你意味着什么\",\"value\":\"1\",\"super\":0,\"sort\":50,\"desc\":\"\"},{\"id\":23,\"createdAt\":\"2022-12-17T07:55:15Z\",\"pid\":27,\"name\":\"你的防疫策略\",\"value\":\"2\",\"super\":0,\"sort\":50,\"desc\":\"\"},{\"id\":24,\"createdAt\":\"2022-12-17T07:55:42Z\",\"pid\":27,\"name\":\"年度电影台词\",\"value\":\"3\",\"super\":0,\"sort\":50,\"desc\":\"\"}],\"total\":3,\"page\":1,\"pageSize\":10},\"costTime\":10.18803}', '2022-12-17 07:56:00', '2022-12-17 07:56:00', NULL);
INSERT INTO `record` (`id`, `userId`, `userName`, `ip`, `method`, `path`, `status`, `costTime`, `agent`, `msg`, `params`, `resp`, `createdAt`, `updatedAt`, `deletedAt`) VALUES (718, 1, 'admin', '127.0.0.1', 'GET', '/dictionary', 200, 13.00198, 'Mozilla/5.0 (Macintosh; Intel Mac OS X 10_15_7) AppleWebKit/537.36 (KHTML, like Gecko) Chrome/108.0.0.0 Safari/537.36', '分页查询字典目录成功', '{\"page\":\"1\",\"pageSize\":\"10\"}', '{\"code\":0,\"msg\":\"分页查询字典目录成功\",\"data\":{\"list\":[{\"id\":9,\"createdAt\":\"2022-10-01T05:40:34Z\",\"pid\":0,\"name\":\"菜单权限类型\",\"value\":\"powerType\",\"super\":2,\"sort\":50,\"desc\":\"菜单权限类型\"},{\"id\":16,\"createdAt\":\"2022-10-01T05:40:15Z\",\"pid\":0,\"name\":\"人员身份类型\",\"value\":\"idType\",\"super\":2,\"sort\":50,\"desc\":\"人员身份类型\"},{\"id\":24,\"createdAt\":\"2022-12-11T06:06:11Z\",\"pid\":0,\"name\":\"文章分类\",\"value\":\"category\",\"super\":2,\"sort\":50,\"desc\":\"社区-文章分类\"},{\"id\":25,\"createdAt\":\"2022-12-11T06:18:48Z\",\"pid\":0,\"name\":\"文章标记\",\"value\":\"mark\",\"super\":2,\"sort\":50,\"desc\":\"社区-文章标记\"},{\"id\":26,\"createdAt\":\"2022-12-11T07:08:00Z\",\"pid\":0,\"name\":\"文章标签\",\"value\":\"tagList\",\"super\":2,\"sort\":50,\"desc\":\"文章标签\"},{\"id\":27,\"createdAt\":\"2022-12-17T07:45:27Z\",\"pid\":0,\"name\":\"话题标签\",\"value\":\"topic\",\"super\":0,\"sort\":50,\"desc\":\"话题标签\"}],\"total\":6,\"page\":1,\"pageSize\":10},\"costTime\":12.9408}', '2022-12-17 07:56:51', '2022-12-17 07:56:51', NULL);
INSERT INTO `record` (`id`, `userId`, `userName`, `ip`, `method`, `path`, `status`, `costTime`, `agent`, `msg`, `params`, `resp`, `createdAt`, `updatedAt`, `deletedAt`) VALUES (719, 1, 'admin', '127.0.0.1', 'GET', '/dictionary/26', 200, 5.71904, 'Mozilla/5.0 (Macintosh; Intel Mac OS X 10_15_7) AppleWebKit/537.36 (KHTML, like Gecko) Chrome/108.0.0.0 Safari/537.36', '查询单条字典目录成功', '{}', '{\"code\":0,\"msg\":\"查询单条字典目录成功\",\"data\":{\"id\":26,\"createdAt\":\"2022-12-11T07:08:00Z\",\"pid\":0,\"name\":\"文章标签\",\"value\":\"tagList\",\"super\":2,\"sort\":50,\"desc\":\"文章标签\"},\"costTime\":5.66502}', '2022-12-17 07:57:00', '2022-12-17 07:57:00', NULL);
INSERT INTO `record` (`id`, `userId`, `userName`, `ip`, `method`, `path`, `status`, `costTime`, `agent`, `msg`, `params`, `resp`, `createdAt`, `updatedAt`, `deletedAt`) VALUES (720, 1, 'admin', '127.0.0.1', 'PUT', '/dictionary', 200, 30.78502, 'Mozilla/5.0 (Macintosh; Intel Mac OS X 10_15_7) AppleWebKit/537.36 (KHTML, like Gecko) Chrome/108.0.0.0 Safari/537.36', '更新字典目录成功', '{\"id\":26,\"createdAt\":\"2022-12-11T07:08:00Z\",\"pid\":0,\"name\":\"文章标签\",\"value\":\"tag\",\"super\":2,\"sort\":50,\"desc\":\"文章标签\"}', '{\"code\":0,\"msg\":\"更新字典目录成功\",\"data\":{\"id\":26,\"createdAt\":\"2022-12-11T07:08:00Z\",\"pid\":0,\"name\":\"文章标签\",\"value\":\"tag\",\"super\":2,\"sort\":50,\"desc\":\"文章标签\"},\"costTime\":30.7031}', '2022-12-17 07:57:09', '2022-12-17 07:57:09', NULL);
INSERT INTO `record` (`id`, `userId`, `userName`, `ip`, `method`, `path`, `status`, `costTime`, `agent`, `msg`, `params`, `resp`, `createdAt`, `updatedAt`, `deletedAt`) VALUES (721, 1, 'admin', '127.0.0.1', 'GET', '/dictionary', 200, 49.83885, 'Mozilla/5.0 (Macintosh; Intel Mac OS X 10_15_7) AppleWebKit/537.36 (KHTML, like Gecko) Chrome/108.0.0.0 Safari/537.36', '分页查询字典目录成功', '{\"page\":\"1\",\"pageSize\":\"10\"}', '{\"code\":0,\"msg\":\"分页查询字典目录成功\",\"data\":{\"list\":[{\"id\":9,\"createdAt\":\"2022-10-01T05:40:34Z\",\"pid\":0,\"name\":\"菜单权限类型\",\"value\":\"powerType\",\"super\":2,\"sort\":50,\"desc\":\"菜单权限类型\"},{\"id\":16,\"createdAt\":\"2022-10-01T05:40:15Z\",\"pid\":0,\"name\":\"人员身份类型\",\"value\":\"idType\",\"super\":2,\"sort\":50,\"desc\":\"人员身份类型\"},{\"id\":24,\"createdAt\":\"2022-12-11T06:06:11Z\",\"pid\":0,\"name\":\"文章分类\",\"value\":\"category\",\"super\":2,\"sort\":50,\"desc\":\"社区-文章分类\"},{\"id\":25,\"createdAt\":\"2022-12-11T06:18:48Z\",\"pid\":0,\"name\":\"文章标记\",\"value\":\"mark\",\"super\":2,\"sort\":50,\"desc\":\"社区-文章标记\"},{\"id\":26,\"createdAt\":\"2022-12-11T07:08:00Z\",\"pid\":0,\"name\":\"文章标签\",\"value\":\"tag\",\"super\":2,\"sort\":50,\"desc\":\"文章标签\"},{\"id\":27,\"createdAt\":\"2022-12-17T07:45:27Z\",\"pid\":0,\"name\":\"话题标签\",\"value\":\"topic\",\"super\":0,\"sort\":50,\"desc\":\"话题标签\"}],\"total\":6,\"page\":1,\"pageSize\":10},\"costTime\":49.78995}', '2022-12-17 07:57:12', '2022-12-17 07:57:12', NULL);
INSERT INTO `record` (`id`, `userId`, `userName`, `ip`, `method`, `path`, `status`, `costTime`, `agent`, `msg`, `params`, `resp`, `createdAt`, `updatedAt`, `deletedAt`) VALUES (722, 1, 'admin', '127.0.0.1', 'GET', '/dictionaryByKey/mark', 200, 19.13907, 'Mozilla/5.0 (Macintosh; Intel Mac OS X 10_15_7) AppleWebKit/537.36 (KHTML, like Gecko) Chrome/108.0.0.0 Safari/537.36', '根据key查找子目录成功', '{}', '[{\"id\":16,\"createdAt\":\"2022-12-11T06:30:43Z\",\"pid\":25,\"name\":\"置顶\",\"value\":\"1\",\"super\":0,\"sort\":50,\"desc\":\"置顶\"},{\"id\":17,\"createdAt\":\"2022-12-11T07:05:39Z\",\"pid\":25,\"name\":\"推荐\",\"value\":\"2\",\"super\":0,\"sort\":50,\"desc\":\"推荐\"},{\"id\":18,\"createdAt\":\"2022-12-11T07:05:51Z\",\"pid\":25,\"name\":\"精华\",\"value\":\"3\",\"super\":0,\"sort\":50,\"desc\":\"精华\"}]', '2022-12-17 07:58:06', '2022-12-17 07:58:06', NULL);
INSERT INTO `record` (`id`, `userId`, `userName`, `ip`, `method`, `path`, `status`, `costTime`, `agent`, `msg`, `params`, `resp`, `createdAt`, `updatedAt`, `deletedAt`) VALUES (723, 1, 'admin', '127.0.0.1', 'GET', '/dictionaryByKey/topic', 200, 40.98893, 'Mozilla/5.0 (Macintosh; Intel Mac OS X 10_15_7) AppleWebKit/537.36 (KHTML, like Gecko) Chrome/108.0.0.0 Safari/537.36', '根据key查找子目录成功', '{}', '[{\"id\":22,\"createdAt\":\"2022-12-17T07:49:08Z\",\"pid\":27,\"name\":\"健身对你意味着什么\",\"value\":\"1\",\"super\":0,\"sort\":50,\"desc\":\"\"},{\"id\":23,\"createdAt\":\"2022-12-17T07:55:15Z\",\"pid\":27,\"name\":\"你的防疫策略\",\"value\":\"2\",\"super\":0,\"sort\":50,\"desc\":\"\"},{\"id\":24,\"createdAt\":\"2022-12-17T07:55:42Z\",\"pid\":27,\"name\":\"年度电影台词\",\"value\":\"3\",\"super\":0,\"sort\":50,\"desc\":\"\"}]', '2022-12-17 07:58:09', '2022-12-17 07:58:09', NULL);
INSERT INTO `record` (`id`, `userId`, `userName`, `ip`, `method`, `path`, `status`, `costTime`, `agent`, `msg`, `params`, `resp`, `createdAt`, `updatedAt`, `deletedAt`) VALUES (724, 1, 'admin', '127.0.0.1', 'GET', '/dictionary', 200, 14.42611, 'Mozilla/5.0 (Macintosh; Intel Mac OS X 10_15_7) AppleWebKit/537.36 (KHTML, like Gecko) Chrome/108.0.0.0 Safari/537.36', '分页查询字典目录成功', '{\"page\":\"1\",\"pageSize\":\"10\"}', '{\"code\":0,\"msg\":\"分页查询字典目录成功\",\"data\":{\"list\":[{\"id\":9,\"createdAt\":\"2022-10-01T05:40:34Z\",\"pid\":0,\"name\":\"菜单权限类型\",\"value\":\"powerType\",\"super\":2,\"sort\":50,\"desc\":\"菜单权限类型\"},{\"id\":16,\"createdAt\":\"2022-10-01T05:40:15Z\",\"pid\":0,\"name\":\"人员身份类型\",\"value\":\"idType\",\"super\":2,\"sort\":50,\"desc\":\"人员身份类型\"},{\"id\":24,\"createdAt\":\"2022-12-11T06:06:11Z\",\"pid\":0,\"name\":\"文章分类\",\"value\":\"category\",\"super\":2,\"sort\":50,\"desc\":\"社区-文章分类\"},{\"id\":25,\"createdAt\":\"2022-12-11T06:18:48Z\",\"pid\":0,\"name\":\"文章标记\",\"value\":\"mark\",\"super\":2,\"sort\":50,\"desc\":\"社区-文章标记\"},{\"id\":26,\"createdAt\":\"2022-12-11T07:08:00Z\",\"pid\":0,\"name\":\"文章标签\",\"value\":\"tag\",\"super\":2,\"sort\":50,\"desc\":\"文章标签\"},{\"id\":27,\"createdAt\":\"2022-12-17T07:45:27Z\",\"pid\":0,\"name\":\"话题标签\",\"value\":\"topic\",\"super\":0,\"sort\":50,\"desc\":\"话题标签\"}],\"total\":6,\"page\":1,\"pageSize\":10},\"costTime\":14.37312}', '2022-12-17 07:58:12', '2022-12-17 07:58:12', NULL);
INSERT INTO `record` (`id`, `userId`, `userName`, `ip`, `method`, `path`, `status`, `costTime`, `agent`, `msg`, `params`, `resp`, `createdAt`, `updatedAt`, `deletedAt`) VALUES (725, 1, 'admin', '127.0.0.1', 'GET', '/dictionaryByKey/tag', 200, 47.51898, 'Mozilla/5.0 (Macintosh; Intel Mac OS X 10_15_7) AppleWebKit/537.36 (KHTML, like Gecko) Chrome/108.0.0.0 Safari/537.36', '根据key查找子目录成功', '{}', '[{\"id\":19,\"createdAt\":\"2022-12-11T07:09:13Z\",\"pid\":26,\"name\":\"时尚\",\"value\":\"1\",\"super\":2,\"sort\":50,\"desc\":\"时尚\"},{\"id\":20,\"createdAt\":\"2022-12-11T07:09:21Z\",\"pid\":26,\"name\":\"技术\",\"value\":\"2\",\"super\":0,\"sort\":50,\"desc\":\"技术\"},{\"id\":21,\"createdAt\":\"2022-12-11T07:09:37Z\",\"pid\":26,\"name\":\"IT\",\"value\":\"3\",\"super\":0,\"sort\":50,\"desc\":\"IT\"}]', '2022-12-17 07:58:15', '2022-12-17 07:58:15', NULL);
INSERT INTO `record` (`id`, `userId`, `userName`, `ip`, `method`, `path`, `status`, `costTime`, `agent`, `msg`, `params`, `resp`, `createdAt`, `updatedAt`, `deletedAt`) VALUES (726, 1, 'admin', '127.0.0.1', 'GET', '/dictionary', 200, 9.51398, 'Mozilla/5.0 (Macintosh; Intel Mac OS X 10_15_7) AppleWebKit/537.36 (KHTML, like Gecko) Chrome/108.0.0.0 Safari/537.36', '分页查询字典目录成功', '{\"page\":\"1\",\"pageSize\":\"10\"}', '{\"code\":0,\"msg\":\"分页查询字典目录成功\",\"data\":{\"list\":[{\"id\":9,\"createdAt\":\"2022-10-01T05:40:34Z\",\"pid\":0,\"name\":\"菜单权限类型\",\"value\":\"powerType\",\"super\":2,\"sort\":50,\"desc\":\"菜单权限类型\"},{\"id\":16,\"createdAt\":\"2022-10-01T05:40:15Z\",\"pid\":0,\"name\":\"人员身份类型\",\"value\":\"idType\",\"super\":2,\"sort\":50,\"desc\":\"人员身份类型\"},{\"id\":24,\"createdAt\":\"2022-12-11T06:06:11Z\",\"pid\":0,\"name\":\"文章分类\",\"value\":\"category\",\"super\":2,\"sort\":50,\"desc\":\"社区-文章分类\"},{\"id\":25,\"createdAt\":\"2022-12-11T06:18:48Z\",\"pid\":0,\"name\":\"文章标记\",\"value\":\"mark\",\"super\":2,\"sort\":50,\"desc\":\"社区-文章标记\"},{\"id\":26,\"createdAt\":\"2022-12-11T07:08:00Z\",\"pid\":0,\"name\":\"文章标签\",\"value\":\"tag\",\"super\":2,\"sort\":50,\"desc\":\"文章标签\"},{\"id\":27,\"createdAt\":\"2022-12-17T07:45:27Z\",\"pid\":0,\"name\":\"话题标签\",\"value\":\"topic\",\"super\":0,\"sort\":50,\"desc\":\"话题标签\"}],\"total\":6,\"page\":1,\"pageSize\":10},\"costTime\":9.36192}', '2022-12-17 08:03:36', '2022-12-17 08:03:36', NULL);
INSERT INTO `record` (`id`, `userId`, `userName`, `ip`, `method`, `path`, `status`, `costTime`, `agent`, `msg`, `params`, `resp`, `createdAt`, `updatedAt`, `deletedAt`) VALUES (727, 1, 'admin', '127.0.0.1', 'GET', '/dictionary', 200, 11.37408, 'Mozilla/5.0 (Macintosh; Intel Mac OS X 10_15_7) AppleWebKit/537.36 (KHTML, like Gecko) Chrome/108.0.0.0 Safari/537.36', '分页查询字典目录成功', '{\"page\":\"1\",\"pageSize\":\"10\"}', '{\"code\":0,\"msg\":\"分页查询字典目录成功\",\"data\":{\"list\":[{\"id\":9,\"createdAt\":\"2022-10-01T05:40:34Z\",\"pid\":0,\"name\":\"菜单权限类型\",\"value\":\"powerType\",\"super\":2,\"sort\":50,\"desc\":\"菜单权限类型\"},{\"id\":16,\"createdAt\":\"2022-10-01T05:40:15Z\",\"pid\":0,\"name\":\"人员身份类型\",\"value\":\"idType\",\"super\":2,\"sort\":50,\"desc\":\"人员身份类型\"},{\"id\":24,\"createdAt\":\"2022-12-11T06:06:11Z\",\"pid\":0,\"name\":\"文章分类\",\"value\":\"category\",\"super\":2,\"sort\":50,\"desc\":\"社区-文章分类\"},{\"id\":25,\"createdAt\":\"2022-12-11T06:18:48Z\",\"pid\":0,\"name\":\"文章标记\",\"value\":\"mark\",\"super\":2,\"sort\":50,\"desc\":\"社区-文章标记\"},{\"id\":26,\"createdAt\":\"2022-12-11T07:08:00Z\",\"pid\":0,\"name\":\"文章标签\",\"value\":\"tag\",\"super\":2,\"sort\":50,\"desc\":\"文章标签\"},{\"id\":27,\"createdAt\":\"2022-12-17T07:45:27Z\",\"pid\":0,\"name\":\"话题标签\",\"value\":\"topic\",\"super\":0,\"sort\":50,\"desc\":\"话题标签\"}],\"total\":6,\"page\":1,\"pageSize\":10},\"costTime\":11.29702}', '2022-12-17 08:03:39', '2022-12-17 08:03:39', NULL);
INSERT INTO `record` (`id`, `userId`, `userName`, `ip`, `method`, `path`, `status`, `costTime`, `agent`, `msg`, `params`, `resp`, `createdAt`, `updatedAt`, `deletedAt`) VALUES (728, 1, 'admin', '127.0.0.1', 'GET', '/dictionary', 200, 133.67014, 'Mozilla/5.0 (Macintosh; Intel Mac OS X 10_15_7) AppleWebKit/537.36 (KHTML, like Gecko) Chrome/108.0.0.0 Safari/537.36', '分页查询字典目录成功', '{\"page\":\"1\",\"pageSize\":\"10\"}', '{\"code\":0,\"msg\":\"分页查询字典目录成功\",\"data\":{\"list\":[{\"id\":9,\"createdAt\":\"2022-10-01T05:40:34Z\",\"pid\":0,\"name\":\"菜单权限类型\",\"value\":\"powerType\",\"super\":2,\"sort\":50,\"desc\":\"菜单权限类型\"},{\"id\":16,\"createdAt\":\"2022-10-01T05:40:15Z\",\"pid\":0,\"name\":\"人员身份类型\",\"value\":\"idType\",\"super\":2,\"sort\":50,\"desc\":\"人员身份类型\"},{\"id\":24,\"createdAt\":\"2022-12-11T06:06:11Z\",\"pid\":0,\"name\":\"文章分类\",\"value\":\"category\",\"super\":2,\"sort\":50,\"desc\":\"社区-文章分类\"},{\"id\":25,\"createdAt\":\"2022-12-11T06:18:48Z\",\"pid\":0,\"name\":\"文章标记\",\"value\":\"mark\",\"super\":2,\"sort\":50,\"desc\":\"社区-文章标记\"},{\"id\":26,\"createdAt\":\"2022-12-11T07:08:00Z\",\"pid\":0,\"name\":\"文章标签\",\"value\":\"tag\",\"super\":2,\"sort\":50,\"desc\":\"文章标签\"},{\"id\":27,\"createdAt\":\"2022-12-17T07:45:27Z\",\"pid\":0,\"name\":\"话题标签\",\"value\":\"topic\",\"super\":0,\"sort\":50,\"desc\":\"话题标签\"}],\"total\":6,\"page\":1,\"pageSize\":10},\"costTime\":133.60512}', '2022-12-17 08:03:57', '2022-12-17 08:03:57', NULL);
INSERT INTO `record` (`id`, `userId`, `userName`, `ip`, `method`, `path`, `status`, `costTime`, `agent`, `msg`, `params`, `resp`, `createdAt`, `updatedAt`, `deletedAt`) VALUES (729, 1, 'admin', '127.0.0.1', 'GET', '/myMenu', 200, 32.60314, 'Mozilla/5.0 (Macintosh; Intel Mac OS X 10_15_7) AppleWebKit/537.36 (KHTML, like Gecko) Chrome/108.0.0.0 Safari/537.36', '获取我的菜单成功', '{}', '{\"code\":0,\"msg\":\"获取我的菜单成功\",\"data\":[{\"id\":1,\"createdAt\":\"2022-10-01T05:45:00Z\",\"meta\":{\"title\":\"仪表盘\",\"icon\":\"home-filled\"},\"parentId\":0,\"path\":\"dashboard\",\"name\":\"dashboard\",\"hidden\":false,\"component\":\"view/dashboard/index.vue\",\"sort\":1,\"api\":[],\"extAuth\":null,\"children\":[]},{\"id\":3,\"createdAt\":\"2022-10-15T05:13:17Z\",\"meta\":{\"title\":\"系统管理\",\"icon\":\"user\"},\"parentId\":0,\"path\":\"admin\",\"name\":\"superAdmin\",\"hidden\":false,\"component\":\"view/superAdmin/index.vue\",\"sort\":2,\"api\":[],\"extAuth\":null,\"children\":[{\"id\":5,\"createdAt\":\"2022-10-15T05:03:48Z\",\"meta\":{\"title\":\"菜单管理\",\"icon\":\"menu\"},\"parentId\":3,\"path\":\"menu\",\"name\":\"menu\",\"hidden\":false,\"component\":\"view/superAdmin/menu/menu.vue\",\"sort\":1,\"api\":[{\"id\":78,\"createdAt\":\"2022-10-15T05:03:48Z\",\"menuId\":5,\"menuName\":\"\",\"method\":\"GET\",\"name\":\"菜单列表\",\"route\":\"/menus\"},{\"id\":79,\"createdAt\":\"2022-10-15T05:03:48Z\",\"menuId\":5,\"menuName\":\"\",\"method\":\"POST\",\"name\":\"新建菜单\",\"route\":\"/menu\"},{\"id\":80,\"createdAt\":\"2022-10-15T05:03:48Z\",\"menuId\":5,\"menuName\":\"\",\"method\":\"PUT\",\"name\":\"编辑菜单\",\"route\":\"/menu\"},{\"id\":81,\"createdAt\":\"2022-10-15T05:03:48Z\",\"menuId\":5,\"menuName\":\"\",\"method\":\"GET\",\"name\":\"查询菜单\",\"route\":\"/menu/\"},{\"id\":82,\"createdAt\":\"2022-10-15T05:03:48Z\",\"menuId\":5,\"menuName\":\"\",\"method\":\"DELETE\",\"name\":\"删除菜单\",\"route\":\"/menu/\"}],\"extAuth\":null,\"children\":[]},{\"id\":6,\"createdAt\":\"2022-10-15T05:05:07Z\",\"meta\":{\"title\":\"API管理\",\"icon\":\"filter\"},\"parentId\":3,\"path\":\"api\",\"name\":\"api\",\"hidden\":false,\"component\":\"view/superAdmin/api/api.vue\",\"sort\":2,\"api\":[],\"extAuth\":null,\"children\":[]},{\"id\":18,\"createdAt\":\"2022-10-15T05:05:19Z\",\"meta\":{\"title\":\"字典管理\",\"icon\":\"files\"},\"parentId\":3,\"path\":\"dictionary\",\"name\":\"dictionary\",\"hidden\":false,\"component\":\"view/superAdmin/dictionary/dictionary.vue\",\"sort\":3,\"api\":[{\"id\":73,\"createdAt\":\"2022-12-11T06:54:46Z\",\"menuId\":18,\"menuName\":\"\",\"method\":\"GET\",\"name\":\"字典目录列表\",\"route\":\"/dictionary\"},{\"id\":74,\"createdAt\":\"2022-12-11T06:54:46Z\",\"menuId\":18,\"menuName\":\"\",\"method\":\"POST\",\"name\":\"新增字典目录\",\"route\":\"/dictionary\"},{\"id\":75,\"createdAt\":\"2022-12-11T06:54:46Z\",\"menuId\":18,\"menuName\":\"\",\"method\":\"PUT\",\"name\":\"编辑字典目录\",\"route\":\"/dictionary\"},{\"id\":76,\"createdAt\":\"2022-12-11T06:54:46Z\",\"menuId\":18,\"menuName\":\"\",\"method\":\"GET\",\"name\":\"查询字典目录\",\"route\":\"/dictionary/\"},{\"id\":77,\"createdAt\":\"2022-12-11T06:54:46Z\",\"menuId\":18,\"menuName\":\"\",\"method\":\"DELETE\",\"name\":\"删除字典目录\",\"route\":\"/dictionary/\"}],\"extAuth\":null,\"children\":[]},{\"id\":19,\"createdAt\":\"2022-10-15T05:04:17Z\",\"meta\":{\"title\":\"字典详情\",\"icon\":\"cherry\"},\"parentId\":3,\"path\":\"dictionaryDetail/:id/:name\",\"name\":\"dictionaryDetail\",\"hidden\":true,\"component\":\"view/superAdmin/dictionary/dictionaryDetail.vue\",\"sort\":3,\"api\":[{\"id\":62,\"createdAt\":\"2022-12-11T06:55:18Z\",\"menuId\":19,\"menuName\":\"\",\"method\":\"GET\",\"name\":\"获取字典列表\",\"route\":\"/dictionaryDetail\"},{\"id\":63,\"createdAt\":\"2022-12-11T06:55:18Z\",\"menuId\":19,\"menuName\":\"\",\"method\":\"POST\",\"name\":\"新增字典详情\",\"route\":\"/dictionaryDetail\"},{\"id\":65,\"createdAt\":\"2022-12-11T06:55:18Z\",\"menuId\":19,\"menuName\":\"\",\"method\":\"PUT\",\"name\":\"编辑字典详情\",\"route\":\"/dictionaryDetail\"},{\"id\":68,\"createdAt\":\"2022-12-11T06:55:18Z\",\"menuId\":19,\"menuName\":\"\",\"method\":\"DELETE\",\"name\":\"删除字典详情\",\"route\":\"/dictionaryDetail/\"},{\"id\":69,\"createdAt\":\"2022-12-11T06:55:18Z\",\"menuId\":19,\"menuName\":\"\",\"method\":\"GET\",\"name\":\"查询字典详情\",\"route\":\"/dictionaryDetail/\"}],\"extAuth\":null,\"children\":[]},{\"id\":4,\"createdAt\":\"2022-10-15T05:04:25Z\",\"meta\":{\"title\":\"角色管理\",\"icon\":\"hot-water\"},\"parentId\":3,\"path\":\"authority\",\"name\":\"authority\",\"hidden\":false,\"component\":\"view/superAdmin/authority/authority.vue\",\"sort\":4,\"api\":[],\"extAuth\":null,\"children\":[]},{\"id\":7,\"createdAt\":\"2022-10-15T05:04:40Z\",\"meta\":{\"title\":\"用户管理\",\"icon\":\"coordinate\"},\"parentId\":3,\"path\":\"user\",\"name\":\"user\",\"hidden\":false,\"component\":\"view/superAdmin/user/user.vue\",\"sort\":5,\"api\":[],\"extAuth\":null,\"children\":[]},{\"id\":16,\"createdAt\":\"2022-10-15T05:05:40Z\",\"meta\":{\"title\":\"表单生成器\",\"icon\":\"magic-stick\"},\"parentId\":3,\"path\":\"formCreate\",\"name\":\"formCreate\",\"hidden\":false,\"component\":\"view/superAdmin/formCreate/index.vue\",\"sort\":6,\"api\":[],\"extAuth\":null,\"children\":[]},{\"id\":11,\"createdAt\":\"2022-10-15T05:05:49Z\",\"meta\":{\"title\":\"媒体库\",\"icon\":\"upload\"},\"parentId\":3,\"path\":\"upload\",\"name\":\"upload\",\"hidden\":false,\"component\":\"view/superAdmin/upload/upload.vue\",\"sort\":7,\"api\":[],\"extAuth\":null,\"children\":[]},{\"id\":20,\"createdAt\":\"2022-10-30T02:40:38Z\",\"meta\":{\"title\":\"操作历史\",\"icon\":\"alarm-clock\"},\"parentId\":3,\"path\":\"operation\",\"name\":\"operation\",\"hidden\":false,\"component\":\"view/superAdmin/operation/record.vue\",\"sort\":8,\"api\":[],\"extAuth\":null,\"children\":[]}]},{\"id\":38,\"createdAt\":\"2022-12-11T05:19:00Z\",\"meta\":{\"title\":\"社区管理\",\"icon\":\"coffee-cup\"},\"parentId\":0,\"path\":\"community\",\"name\":\"community\",\"hidden\":false,\"component\":\"view/routerHolder.vue\",\"sort\":3,\"api\":[],\"extAuth\":null,\"children\":[{\"id\":39,\"createdAt\":\"2022-12-11T05:26:17Z\",\"meta\":{\"title\":\"文章管理\",\"icon\":\"notebook\"},\"parentId\":38,\"path\":\"article\",\"name\":\"article\",\"hidden\":false,\"component\":\"view/community/article/article.vue\",\"sort\":1,\"api\":[],\"extAuth\":null,\"children\":[]}]},{\"id\":2,\"createdAt\":\"2022-10-15T13:37:41Z\",\"meta\":{\"title\":\"关于我们\",\"icon\":\"message\"},\"parentId\":0,\"path\":\"about\",\"name\":\"about\",\"hidden\":false,\"component\":\"view/about/index.vue\",\"sort\":4,\"api\":[],\"extAuth\":null,\"children\":[]},{\"id\":8,\"createdAt\":\"2022-10-15T13:37:47Z\",\"meta\":{\"title\":\"个人信息\",\"icon\":\"basketball\"},\"parentId\":0,\"path\":\"person\",\"name\":\"person\",\"hidden\":true,\"component\":\"view/person/person.vue\",\"sort\":5,\"api\":[],\"extAuth\":null,\"children\":[]}],\"costTime\":32.35917}', '2022-12-17 08:05:39', '2022-12-17 08:05:39', NULL);
INSERT INTO `record` (`id`, `userId`, `userName`, `ip`, `method`, `path`, `status`, `costTime`, `agent`, `msg`, `params`, `resp`, `createdAt`, `updatedAt`, `deletedAt`) VALUES (730, 1, 'admin', '127.0.0.1', 'GET', '/user/info', 200, 26.07002, 'Mozilla/5.0 (Macintosh; Intel Mac OS X 10_15_7) AppleWebKit/537.36 (KHTML, like Gecko) Chrome/108.0.0.0 Safari/537.36', '查询用户信息成功', '{}', '{\"code\":0,\"msg\":\"查询用户信息成功\",\"data\":{\"id\":1,\"createdAt\":\"2022-10-29T10:53:41Z\",\"uuid\":\"3e006a79-a28b-4c6f-a084-99ac9c8ea2e9\",\"userName\":\"admin\",\"nickName\":\"超级管理员\",\"phone\":\"15848606970\",\"email\":\"490513975@qq.com\",\"headImg\":\"https://i.postimg.cc/Wb026mfD/logo.jpg\",\"authorityId\":\"1\",\"authorityIds\":[\"1\",\"3\"],\"enable\":1,\"sideMode\":\"dark\",\"baseColor\":\"#fff\",\"activeColor\":\"#1890ff\",\"token\":\"\",\"authority\":{\"createdAt\":\"2021-11-22T17:07:02Z\",\"id\":1,\"name\":\"超级管理员\",\"desc\":\"拥有全部权限\",\"pid\":0,\"defaultRouter\":\"dashboard\",\"menuIds\":\"1,3,5,6,18,19,4,7,16,11,20,38,39,2,8\",\"apiIds\":\"78,79,80,81,82,73,74,75,76,77,62,63,65,68,69\",\"extAuthIds\":\"\",\"children\":null},\"authorities\":[{\"createdAt\":\"2021-11-22T17:07:02Z\",\"id\":1,\"name\":\"超级管理员\",\"desc\":\"拥有全部权限\",\"pid\":0,\"defaultRouter\":\"dashboard\",\"menuIds\":\"1,3,5,6,18,19,4,7,16,11,20,38,39,2,8\",\"apiIds\":\"78,79,80,81,82,73,74,75,76,77,62,63,65,68,69\",\"extAuthIds\":\"\",\"children\":null},{\"createdAt\":\"2021-11-22T17:07:02Z\",\"id\":3,\"name\":\"测试人员\",\"desc\":\"测试人员权限\",\"pid\":1,\"defaultRouter\":\"dashboard\",\"menuIds\":\"1,2,3,4,7,20,8\",\"apiIds\":\"\",\"extAuthIds\":\"\",\"children\":null}]},\"costTime\":25.85216}', '2022-12-17 08:05:42', '2022-12-17 08:05:42', NULL);
INSERT INTO `record` (`id`, `userId`, `userName`, `ip`, `method`, `path`, `status`, `costTime`, `agent`, `msg`, `params`, `resp`, `createdAt`, `updatedAt`, `deletedAt`) VALUES (731, 1, 'admin', '127.0.0.1', 'GET', '/dictionaryByKey/mark', 200, 45.70010, 'Mozilla/5.0 (Macintosh; Intel Mac OS X 10_15_7) AppleWebKit/537.36 (KHTML, like Gecko) Chrome/108.0.0.0 Safari/537.36', '根据key查找子目录成功', '{}', '[{\"id\":16,\"createdAt\":\"2022-12-11T06:30:43Z\",\"pid\":25,\"name\":\"置顶\",\"value\":\"1\",\"super\":0,\"sort\":50,\"desc\":\"置顶\"},{\"id\":17,\"createdAt\":\"2022-12-11T07:05:39Z\",\"pid\":25,\"name\":\"推荐\",\"value\":\"2\",\"super\":0,\"sort\":50,\"desc\":\"推荐\"},{\"id\":18,\"createdAt\":\"2022-12-11T07:05:51Z\",\"pid\":25,\"name\":\"精华\",\"value\":\"3\",\"super\":0,\"sort\":50,\"desc\":\"精华\"}]', '2022-12-17 08:05:45', '2022-12-17 08:05:45', NULL);
INSERT INTO `record` (`id`, `userId`, `userName`, `ip`, `method`, `path`, `status`, `costTime`, `agent`, `msg`, `params`, `resp`, `createdAt`, `updatedAt`, `deletedAt`) VALUES (732, 1, 'admin', '127.0.0.1', 'GET', '/dictionaryByKey/topic', 200, 76.60288, 'Mozilla/5.0 (Macintosh; Intel Mac OS X 10_15_7) AppleWebKit/537.36 (KHTML, like Gecko) Chrome/108.0.0.0 Safari/537.36', '根据key查找子目录成功', '{}', '[{\"id\":22,\"createdAt\":\"2022-12-17T07:49:08Z\",\"pid\":27,\"name\":\"健身对你意味着什么\",\"value\":\"1\",\"super\":0,\"sort\":50,\"desc\":\"\"},{\"id\":23,\"createdAt\":\"2022-12-17T07:55:15Z\",\"pid\":27,\"name\":\"你的防疫策略\",\"value\":\"2\",\"super\":0,\"sort\":50,\"desc\":\"\"},{\"id\":24,\"createdAt\":\"2022-12-17T07:55:42Z\",\"pid\":27,\"name\":\"年度电影台词\",\"value\":\"3\",\"super\":0,\"sort\":50,\"desc\":\"\"}]', '2022-12-17 08:05:48', '2022-12-17 08:05:48', NULL);
INSERT INTO `record` (`id`, `userId`, `userName`, `ip`, `method`, `path`, `status`, `costTime`, `agent`, `msg`, `params`, `resp`, `createdAt`, `updatedAt`, `deletedAt`) VALUES (733, 1, 'admin', '127.0.0.1', 'GET', '/dictionaryByKey/category', 200, 97.92384, 'Mozilla/5.0 (Macintosh; Intel Mac OS X 10_15_7) AppleWebKit/537.36 (KHTML, like Gecko) Chrome/108.0.0.0 Safari/537.36', '根据key查找子目录成功', '{}', '[{\"id\":12,\"createdAt\":\"2022-12-11T06:15:15Z\",\"pid\":24,\"name\":\"推荐\",\"value\":\"1\",\"super\":2,\"sort\":50,\"desc\":\"推荐\"},{\"id\":13,\"createdAt\":\"2022-12-11T06:15:30Z\",\"pid\":24,\"name\":\"动态\",\"value\":\"2\",\"super\":0,\"sort\":50,\"desc\":\"动态\"},{\"id\":14,\"createdAt\":\"2022-12-11T06:17:23Z\",\"pid\":24,\"name\":\"资讯\",\"value\":\"3\",\"super\":0,\"sort\":50,\"desc\":\"资讯\"},{\"id\":15,\"createdAt\":\"2022-12-11T06:17:36Z\",\"pid\":24,\"name\":\"时尚\",\"value\":\"4\",\"super\":0,\"sort\":50,\"desc\":\"时尚\"}]', '2022-12-17 08:05:51', '2022-12-17 08:05:51', NULL);
INSERT INTO `record` (`id`, `userId`, `userName`, `ip`, `method`, `path`, `status`, `costTime`, `agent`, `msg`, `params`, `resp`, `createdAt`, `updatedAt`, `deletedAt`) VALUES (734, 1, 'admin', '127.0.0.1', 'GET', '/dictionary', 200, 100.57293, 'Mozilla/5.0 (Macintosh; Intel Mac OS X 10_15_7) AppleWebKit/537.36 (KHTML, like Gecko) Chrome/108.0.0.0 Safari/537.36', '分页查询字典目录成功', '{\"page\":\"1\",\"pageSize\":\"10\"}', '{\"code\":0,\"msg\":\"分页查询字典目录成功\",\"data\":{\"list\":[{\"id\":9,\"createdAt\":\"2022-10-01T05:40:34Z\",\"pid\":0,\"name\":\"菜单权限类型\",\"value\":\"powerType\",\"super\":2,\"sort\":50,\"desc\":\"菜单权限类型\"},{\"id\":16,\"createdAt\":\"2022-10-01T05:40:15Z\",\"pid\":0,\"name\":\"人员身份类型\",\"value\":\"idType\",\"super\":2,\"sort\":50,\"desc\":\"人员身份类型\"},{\"id\":24,\"createdAt\":\"2022-12-11T06:06:11Z\",\"pid\":0,\"name\":\"文章分类\",\"value\":\"category\",\"super\":2,\"sort\":50,\"desc\":\"社区-文章分类\"},{\"id\":25,\"createdAt\":\"2022-12-11T06:18:48Z\",\"pid\":0,\"name\":\"文章标记\",\"value\":\"mark\",\"super\":2,\"sort\":50,\"desc\":\"社区-文章标记\"},{\"id\":26,\"createdAt\":\"2022-12-11T07:08:00Z\",\"pid\":0,\"name\":\"文章标签\",\"value\":\"tag\",\"super\":2,\"sort\":50,\"desc\":\"文章标签\"},{\"id\":27,\"createdAt\":\"2022-12-17T07:45:27Z\",\"pid\":0,\"name\":\"话题标签\",\"value\":\"topic\",\"super\":0,\"sort\":50,\"desc\":\"话题标签\"}],\"total\":6,\"page\":1,\"pageSize\":10},\"costTime\":100.49997}', '2022-12-17 08:05:54', '2022-12-17 08:05:54', NULL);
INSERT INTO `record` (`id`, `userId`, `userName`, `ip`, `method`, `path`, `status`, `costTime`, `agent`, `msg`, `params`, `resp`, `createdAt`, `updatedAt`, `deletedAt`) VALUES (735, 1, 'admin', '127.0.0.1', 'GET', '/dictionaryByKey/tag', 200, 256.08191, 'Mozilla/5.0 (Macintosh; Intel Mac OS X 10_15_7) AppleWebKit/537.36 (KHTML, like Gecko) Chrome/108.0.0.0 Safari/537.36', '根据key查找子目录成功', '{}', '[{\"id\":19,\"createdAt\":\"2022-12-11T07:09:13Z\",\"pid\":26,\"name\":\"时尚\",\"value\":\"1\",\"super\":2,\"sort\":50,\"desc\":\"时尚\"},{\"id\":20,\"createdAt\":\"2022-12-11T07:09:21Z\",\"pid\":26,\"name\":\"技术\",\"value\":\"2\",\"super\":0,\"sort\":50,\"desc\":\"技术\"},{\"id\":21,\"createdAt\":\"2022-12-11T07:09:37Z\",\"pid\":26,\"name\":\"IT\",\"value\":\"3\",\"super\":0,\"sort\":50,\"desc\":\"IT\"}]', '2022-12-17 08:05:57', '2022-12-17 08:05:57', NULL);
INSERT INTO `record` (`id`, `userId`, `userName`, `ip`, `method`, `path`, `status`, `costTime`, `agent`, `msg`, `params`, `resp`, `createdAt`, `updatedAt`, `deletedAt`) VALUES (736, 1, 'admin', '127.0.0.1', 'GET', '/dictionary', 200, 31.75706, 'Mozilla/5.0 (Macintosh; Intel Mac OS X 10_15_7) AppleWebKit/537.36 (KHTML, like Gecko) Chrome/108.0.0.0 Safari/537.36', '分页查询字典目录成功', '{\"page\":\"1\",\"pageSize\":\"10\"}', '{\"code\":0,\"msg\":\"分页查询字典目录成功\",\"data\":{\"list\":[{\"id\":9,\"createdAt\":\"2022-10-01T05:40:34Z\",\"pid\":0,\"name\":\"菜单权限类型\",\"value\":\"powerType\",\"super\":2,\"sort\":50,\"desc\":\"菜单权限类型\"},{\"id\":16,\"createdAt\":\"2022-10-01T05:40:15Z\",\"pid\":0,\"name\":\"人员身份类型\",\"value\":\"idType\",\"super\":2,\"sort\":50,\"desc\":\"人员身份类型\"},{\"id\":24,\"createdAt\":\"2022-12-11T06:06:11Z\",\"pid\":0,\"name\":\"文章分类\",\"value\":\"category\",\"super\":2,\"sort\":50,\"desc\":\"社区-文章分类\"},{\"id\":25,\"createdAt\":\"2022-12-11T06:18:48Z\",\"pid\":0,\"name\":\"文章标记\",\"value\":\"mark\",\"super\":2,\"sort\":50,\"desc\":\"社区-文章标记\"},{\"id\":26,\"createdAt\":\"2022-12-11T07:08:00Z\",\"pid\":0,\"name\":\"文章标签\",\"value\":\"tag\",\"super\":2,\"sort\":50,\"desc\":\"文章标签\"},{\"id\":27,\"createdAt\":\"2022-12-17T07:45:27Z\",\"pid\":0,\"name\":\"话题标签\",\"value\":\"topic\",\"super\":0,\"sort\":50,\"desc\":\"话题标签\"}],\"total\":6,\"page\":1,\"pageSize\":10},\"costTime\":31.70406}', '2022-12-17 08:07:27', '2022-12-17 08:07:27', NULL);
INSERT INTO `record` (`id`, `userId`, `userName`, `ip`, `method`, `path`, `status`, `costTime`, `agent`, `msg`, `params`, `resp`, `createdAt`, `updatedAt`, `deletedAt`) VALUES (737, 1, 'admin', '127.0.0.1', 'GET', '/dictionary', 200, 21.46202, 'Mozilla/5.0 (Macintosh; Intel Mac OS X 10_15_7) AppleWebKit/537.36 (KHTML, like Gecko) Chrome/108.0.0.0 Safari/537.36', '分页查询字典目录成功', '{\"page\":\"1\",\"pageSize\":\"10\"}', '{\"code\":0,\"msg\":\"分页查询字典目录成功\",\"data\":{\"list\":[{\"id\":9,\"createdAt\":\"2022-10-01T05:40:34Z\",\"pid\":0,\"name\":\"菜单权限类型\",\"value\":\"powerType\",\"super\":2,\"sort\":50,\"desc\":\"菜单权限类型\"},{\"id\":16,\"createdAt\":\"2022-10-01T05:40:15Z\",\"pid\":0,\"name\":\"人员身份类型\",\"value\":\"idType\",\"super\":2,\"sort\":50,\"desc\":\"人员身份类型\"},{\"id\":24,\"createdAt\":\"2022-12-11T06:06:11Z\",\"pid\":0,\"name\":\"文章分类\",\"value\":\"category\",\"super\":2,\"sort\":50,\"desc\":\"社区-文章分类\"},{\"id\":25,\"createdAt\":\"2022-12-11T06:18:48Z\",\"pid\":0,\"name\":\"文章标记\",\"value\":\"mark\",\"super\":2,\"sort\":50,\"desc\":\"社区-文章标记\"},{\"id\":26,\"createdAt\":\"2022-12-11T07:08:00Z\",\"pid\":0,\"name\":\"文章标签\",\"value\":\"tag\",\"super\":2,\"sort\":50,\"desc\":\"文章标签\"},{\"id\":27,\"createdAt\":\"2022-12-17T07:45:27Z\",\"pid\":0,\"name\":\"话题标签\",\"value\":\"topic\",\"super\":0,\"sort\":50,\"desc\":\"话题标签\"}],\"total\":6,\"page\":1,\"pageSize\":10},\"costTime\":21.41184}', '2022-12-17 08:07:48', '2022-12-17 08:07:48', NULL);
INSERT INTO `record` (`id`, `userId`, `userName`, `ip`, `method`, `path`, `status`, `costTime`, `agent`, `msg`, `params`, `resp`, `createdAt`, `updatedAt`, `deletedAt`) VALUES (738, 1, 'admin', '127.0.0.1', 'GET', '/dictionary', 200, 10.46886, 'Mozilla/5.0 (Macintosh; Intel Mac OS X 10_15_7) AppleWebKit/537.36 (KHTML, like Gecko) Chrome/108.0.0.0 Safari/537.36', '分页查询字典目录成功', '{\"page\":\"1\",\"pageSize\":\"10\"}', '{\"code\":0,\"msg\":\"分页查询字典目录成功\",\"data\":{\"list\":[{\"id\":9,\"createdAt\":\"2022-10-01T05:40:34Z\",\"pid\":0,\"name\":\"菜单权限类型\",\"value\":\"powerType\",\"super\":2,\"sort\":50,\"desc\":\"菜单权限类型\"},{\"id\":16,\"createdAt\":\"2022-10-01T05:40:15Z\",\"pid\":0,\"name\":\"人员身份类型\",\"value\":\"idType\",\"super\":2,\"sort\":50,\"desc\":\"人员身份类型\"},{\"id\":24,\"createdAt\":\"2022-12-11T06:06:11Z\",\"pid\":0,\"name\":\"文章分类\",\"value\":\"category\",\"super\":2,\"sort\":50,\"desc\":\"社区-文章分类\"},{\"id\":25,\"createdAt\":\"2022-12-11T06:18:48Z\",\"pid\":0,\"name\":\"文章标记\",\"value\":\"mark\",\"super\":2,\"sort\":50,\"desc\":\"社区-文章标记\"},{\"id\":26,\"createdAt\":\"2022-12-11T07:08:00Z\",\"pid\":0,\"name\":\"文章标签\",\"value\":\"tag\",\"super\":2,\"sort\":50,\"desc\":\"文章标签\"},{\"id\":27,\"createdAt\":\"2022-12-17T07:45:27Z\",\"pid\":0,\"name\":\"话题标签\",\"value\":\"topic\",\"super\":0,\"sort\":50,\"desc\":\"话题标签\"}],\"total\":6,\"page\":1,\"pageSize\":10},\"costTime\":10.40896}', '2022-12-17 08:08:00', '2022-12-17 08:08:00', NULL);
INSERT INTO `record` (`id`, `userId`, `userName`, `ip`, `method`, `path`, `status`, `costTime`, `agent`, `msg`, `params`, `resp`, `createdAt`, `updatedAt`, `deletedAt`) VALUES (739, 1, 'admin', '127.0.0.1', 'GET', '/dictionary', 200, 12.09421, 'Mozilla/5.0 (Macintosh; Intel Mac OS X 10_15_7) AppleWebKit/537.36 (KHTML, like Gecko) Chrome/108.0.0.0 Safari/537.36', '分页查询字典目录成功', '{\"page\":\"1\",\"pageSize\":\"10\"}', '{\"code\":0,\"msg\":\"分页查询字典目录成功\",\"data\":{\"list\":[{\"id\":9,\"createdAt\":\"2022-10-01T05:40:34Z\",\"pid\":0,\"name\":\"菜单权限类型\",\"value\":\"powerType\",\"super\":2,\"sort\":50,\"desc\":\"菜单权限类型\"},{\"id\":16,\"createdAt\":\"2022-10-01T05:40:15Z\",\"pid\":0,\"name\":\"人员身份类型\",\"value\":\"idType\",\"super\":2,\"sort\":50,\"desc\":\"人员身份类型\"},{\"id\":24,\"createdAt\":\"2022-12-11T06:06:11Z\",\"pid\":0,\"name\":\"文章分类\",\"value\":\"category\",\"super\":2,\"sort\":50,\"desc\":\"社区-文章分类\"},{\"id\":25,\"createdAt\":\"2022-12-11T06:18:48Z\",\"pid\":0,\"name\":\"文章标记\",\"value\":\"mark\",\"super\":2,\"sort\":50,\"desc\":\"社区-文章标记\"},{\"id\":26,\"createdAt\":\"2022-12-11T07:08:00Z\",\"pid\":0,\"name\":\"文章标签\",\"value\":\"tag\",\"super\":2,\"sort\":50,\"desc\":\"文章标签\"},{\"id\":27,\"createdAt\":\"2022-12-17T07:45:27Z\",\"pid\":0,\"name\":\"话题标签\",\"value\":\"topic\",\"super\":0,\"sort\":50,\"desc\":\"话题标签\"}],\"total\":6,\"page\":1,\"pageSize\":10},\"costTime\":11.90912}', '2022-12-17 08:09:42', '2022-12-17 08:09:42', NULL);
INSERT INTO `record` (`id`, `userId`, `userName`, `ip`, `method`, `path`, `status`, `costTime`, `agent`, `msg`, `params`, `resp`, `createdAt`, `updatedAt`, `deletedAt`) VALUES (740, 1, 'admin', '127.0.0.1', 'GET', '/dictionary', 200, 12.09216, 'Mozilla/5.0 (Macintosh; Intel Mac OS X 10_15_7) AppleWebKit/537.36 (KHTML, like Gecko) Chrome/108.0.0.0 Safari/537.36', '分页查询字典目录成功', '{\"page\":\"1\",\"pageSize\":\"10\"}', '{\"code\":0,\"msg\":\"分页查询字典目录成功\",\"data\":{\"list\":[{\"id\":9,\"createdAt\":\"2022-10-01T05:40:34Z\",\"pid\":0,\"name\":\"菜单权限类型\",\"value\":\"powerType\",\"super\":2,\"sort\":50,\"desc\":\"菜单权限类型\"},{\"id\":16,\"createdAt\":\"2022-10-01T05:40:15Z\",\"pid\":0,\"name\":\"人员身份类型\",\"value\":\"idType\",\"super\":2,\"sort\":50,\"desc\":\"人员身份类型\"},{\"id\":24,\"createdAt\":\"2022-12-11T06:06:11Z\",\"pid\":0,\"name\":\"文章分类\",\"value\":\"category\",\"super\":2,\"sort\":50,\"desc\":\"社区-文章分类\"},{\"id\":25,\"createdAt\":\"2022-12-11T06:18:48Z\",\"pid\":0,\"name\":\"文章标记\",\"value\":\"mark\",\"super\":2,\"sort\":50,\"desc\":\"社区-文章标记\"},{\"id\":26,\"createdAt\":\"2022-12-11T07:08:00Z\",\"pid\":0,\"name\":\"文章标签\",\"value\":\"tag\",\"super\":2,\"sort\":50,\"desc\":\"文章标签\"},{\"id\":27,\"createdAt\":\"2022-12-17T07:45:27Z\",\"pid\":0,\"name\":\"话题标签\",\"value\":\"topic\",\"super\":0,\"sort\":50,\"desc\":\"话题标签\"}],\"total\":6,\"page\":1,\"pageSize\":10},\"costTime\":12.00614}', '2022-12-17 08:09:45', '2022-12-17 08:09:45', NULL);
INSERT INTO `record` (`id`, `userId`, `userName`, `ip`, `method`, `path`, `status`, `costTime`, `agent`, `msg`, `params`, `resp`, `createdAt`, `updatedAt`, `deletedAt`) VALUES (741, 1, 'admin', '127.0.0.1', 'GET', '/dictionary', 200, 7.12806, 'Mozilla/5.0 (Macintosh; Intel Mac OS X 10_15_7) AppleWebKit/537.36 (KHTML, like Gecko) Chrome/108.0.0.0 Safari/537.36', '分页查询字典目录成功', '{\"page\":\"1\",\"pageSize\":\"10\"}', '{\"code\":0,\"msg\":\"分页查询字典目录成功\",\"data\":{\"list\":[{\"id\":9,\"createdAt\":\"2022-10-01T05:40:34Z\",\"pid\":0,\"name\":\"菜单权限类型\",\"value\":\"powerType\",\"super\":2,\"sort\":50,\"desc\":\"菜单权限类型\"},{\"id\":16,\"createdAt\":\"2022-10-01T05:40:15Z\",\"pid\":0,\"name\":\"人员身份类型\",\"value\":\"idType\",\"super\":2,\"sort\":50,\"desc\":\"人员身份类型\"},{\"id\":24,\"createdAt\":\"2022-12-11T06:06:11Z\",\"pid\":0,\"name\":\"文章分类\",\"value\":\"category\",\"super\":2,\"sort\":50,\"desc\":\"社区-文章分类\"},{\"id\":25,\"createdAt\":\"2022-12-11T06:18:48Z\",\"pid\":0,\"name\":\"文章标记\",\"value\":\"mark\",\"super\":2,\"sort\":50,\"desc\":\"社区-文章标记\"},{\"id\":26,\"createdAt\":\"2022-12-11T07:08:00Z\",\"pid\":0,\"name\":\"文章标签\",\"value\":\"tag\",\"super\":2,\"sort\":50,\"desc\":\"文章标签\"},{\"id\":27,\"createdAt\":\"2022-12-17T07:45:27Z\",\"pid\":0,\"name\":\"话题标签\",\"value\":\"topic\",\"super\":0,\"sort\":50,\"desc\":\"话题标签\"}],\"total\":6,\"page\":1,\"pageSize\":10},\"costTime\":7.06893}', '2022-12-17 08:09:48', '2022-12-17 08:09:48', NULL);
INSERT INTO `record` (`id`, `userId`, `userName`, `ip`, `method`, `path`, `status`, `costTime`, `agent`, `msg`, `params`, `resp`, `createdAt`, `updatedAt`, `deletedAt`) VALUES (742, 1, 'admin', '127.0.0.1', 'GET', '/dictionary', 200, 21.81402, 'Mozilla/5.0 (Macintosh; Intel Mac OS X 10_15_7) AppleWebKit/537.36 (KHTML, like Gecko) Chrome/108.0.0.0 Safari/537.36', '分页查询字典目录成功', '{\"page\":\"1\",\"pageSize\":\"10\"}', '{\"code\":0,\"msg\":\"分页查询字典目录成功\",\"data\":{\"list\":[{\"id\":9,\"createdAt\":\"2022-10-01T05:40:34Z\",\"pid\":0,\"name\":\"菜单权限类型\",\"value\":\"powerType\",\"super\":2,\"sort\":50,\"desc\":\"菜单权限类型\"},{\"id\":16,\"createdAt\":\"2022-10-01T05:40:15Z\",\"pid\":0,\"name\":\"人员身份类型\",\"value\":\"idType\",\"super\":2,\"sort\":50,\"desc\":\"人员身份类型\"},{\"id\":24,\"createdAt\":\"2022-12-11T06:06:11Z\",\"pid\":0,\"name\":\"文章分类\",\"value\":\"category\",\"super\":2,\"sort\":50,\"desc\":\"社区-文章分类\"},{\"id\":25,\"createdAt\":\"2022-12-11T06:18:48Z\",\"pid\":0,\"name\":\"文章标记\",\"value\":\"mark\",\"super\":2,\"sort\":50,\"desc\":\"社区-文章标记\"},{\"id\":26,\"createdAt\":\"2022-12-11T07:08:00Z\",\"pid\":0,\"name\":\"文章标签\",\"value\":\"tag\",\"super\":2,\"sort\":50,\"desc\":\"文章标签\"},{\"id\":27,\"createdAt\":\"2022-12-17T07:45:27Z\",\"pid\":0,\"name\":\"话题标签\",\"value\":\"topic\",\"super\":0,\"sort\":50,\"desc\":\"话题标签\"}],\"total\":6,\"page\":1,\"pageSize\":10},\"costTime\":21.75693}', '2022-12-17 08:09:51', '2022-12-17 08:09:51', NULL);
INSERT INTO `record` (`id`, `userId`, `userName`, `ip`, `method`, `path`, `status`, `costTime`, `agent`, `msg`, `params`, `resp`, `createdAt`, `updatedAt`, `deletedAt`) VALUES (743, 1, 'admin', '127.0.0.1', 'POST', '/dictionary', 200, 26.41613, 'Mozilla/5.0 (Macintosh; Intel Mac OS X 10_15_7) AppleWebKit/537.36 (KHTML, like Gecko) Chrome/108.0.0.0 Safari/537.36', '创建字典目录成功', '{\"pid\":0,\"super\":0,\"name\":\"werqwer\",\"value\":\"sadfasdf\",\"sort\":50,\"desc\":\"\",\"mark\":[17,16,18],\"type\":2,\"category\":14,\"topic\":[22,23],\"tag\":[20,19]}', '{\"code\":0,\"msg\":\"创建字典目录成功\",\"data\":{\"id\":28,\"createdAt\":\"2022-12-17T16:14:04.144+08:00\",\"pid\":0,\"name\":\"werqwer\",\"value\":\"sadfasdf\",\"super\":0,\"sort\":50,\"desc\":\"\"},\"costTime\":26.34701}', '2022-12-17 08:14:06', '2022-12-17 08:14:06', NULL);
INSERT INTO `record` (`id`, `userId`, `userName`, `ip`, `method`, `path`, `status`, `costTime`, `agent`, `msg`, `params`, `resp`, `createdAt`, `updatedAt`, `deletedAt`) VALUES (744, 1, 'admin', '127.0.0.1', 'GET', '/dictionary', 200, 57.40621, 'Mozilla/5.0 (Macintosh; Intel Mac OS X 10_15_7) AppleWebKit/537.36 (KHTML, like Gecko) Chrome/108.0.0.0 Safari/537.36', '分页查询字典目录成功', '{\"page\":\"1\",\"pageSize\":\"10\"}', '{\"code\":0,\"msg\":\"分页查询字典目录成功\",\"data\":{\"list\":[{\"id\":9,\"createdAt\":\"2022-10-01T05:40:34Z\",\"pid\":0,\"name\":\"菜单权限类型\",\"value\":\"powerType\",\"super\":2,\"sort\":50,\"desc\":\"菜单权限类型\"},{\"id\":16,\"createdAt\":\"2022-10-01T05:40:15Z\",\"pid\":0,\"name\":\"人员身份类型\",\"value\":\"idType\",\"super\":2,\"sort\":50,\"desc\":\"人员身份类型\"},{\"id\":24,\"createdAt\":\"2022-12-11T06:06:11Z\",\"pid\":0,\"name\":\"文章分类\",\"value\":\"category\",\"super\":2,\"sort\":50,\"desc\":\"社区-文章分类\"},{\"id\":25,\"createdAt\":\"2022-12-11T06:18:48Z\",\"pid\":0,\"name\":\"文章标记\",\"value\":\"mark\",\"super\":2,\"sort\":50,\"desc\":\"社区-文章标记\"},{\"id\":26,\"createdAt\":\"2022-12-11T07:08:00Z\",\"pid\":0,\"name\":\"文章标签\",\"value\":\"tag\",\"super\":2,\"sort\":50,\"desc\":\"文章标签\"},{\"id\":27,\"createdAt\":\"2022-12-17T07:45:27Z\",\"pid\":0,\"name\":\"话题标签\",\"value\":\"topic\",\"super\":0,\"sort\":50,\"desc\":\"话题标签\"},{\"id\":28,\"createdAt\":\"2022-12-17T08:14:04Z\",\"pid\":0,\"name\":\"werqwer\",\"value\":\"sadfasdf\",\"super\":0,\"sort\":50,\"desc\":\"\"}],\"total\":7,\"page\":1,\"pageSize\":10},\"costTime\":57.33606}', '2022-12-17 08:14:09', '2022-12-17 08:14:09', NULL);
INSERT INTO `record` (`id`, `userId`, `userName`, `ip`, `method`, `path`, `status`, `costTime`, `agent`, `msg`, `params`, `resp`, `createdAt`, `updatedAt`, `deletedAt`) VALUES (745, 1, 'admin', '127.0.0.1', 'DELETE', '/dictionary/28', 200, 40.74394, 'Mozilla/5.0 (Macintosh; Intel Mac OS X 10_15_7) AppleWebKit/537.36 (KHTML, like Gecko) Chrome/108.0.0.0 Safari/537.36', '删除字典目录成功', '{\"id\":\"28\"}', '{\"code\":0,\"msg\":\"删除字典目录成功\",\"data\":\"\",\"costTime\":40.69197}', '2022-12-17 08:14:15', '2022-12-17 08:14:15', NULL);
INSERT INTO `record` (`id`, `userId`, `userName`, `ip`, `method`, `path`, `status`, `costTime`, `agent`, `msg`, `params`, `resp`, `createdAt`, `updatedAt`, `deletedAt`) VALUES (746, 1, 'admin', '127.0.0.1', 'GET', '/dictionary', 200, 18.98598, 'Mozilla/5.0 (Macintosh; Intel Mac OS X 10_15_7) AppleWebKit/537.36 (KHTML, like Gecko) Chrome/108.0.0.0 Safari/537.36', '分页查询字典目录成功', '{\"page\":\"1\",\"pageSize\":\"10\"}', '{\"code\":0,\"msg\":\"分页查询字典目录成功\",\"data\":{\"list\":[{\"id\":9,\"createdAt\":\"2022-10-01T05:40:34Z\",\"pid\":0,\"name\":\"菜单权限类型\",\"value\":\"powerType\",\"super\":2,\"sort\":50,\"desc\":\"菜单权限类型\"},{\"id\":16,\"createdAt\":\"2022-10-01T05:40:15Z\",\"pid\":0,\"name\":\"人员身份类型\",\"value\":\"idType\",\"super\":2,\"sort\":50,\"desc\":\"人员身份类型\"},{\"id\":24,\"createdAt\":\"2022-12-11T06:06:11Z\",\"pid\":0,\"name\":\"文章分类\",\"value\":\"category\",\"super\":2,\"sort\":50,\"desc\":\"社区-文章分类\"},{\"id\":25,\"createdAt\":\"2022-12-11T06:18:48Z\",\"pid\":0,\"name\":\"文章标记\",\"value\":\"mark\",\"super\":2,\"sort\":50,\"desc\":\"社区-文章标记\"},{\"id\":26,\"createdAt\":\"2022-12-11T07:08:00Z\",\"pid\":0,\"name\":\"文章标签\",\"value\":\"tag\",\"super\":2,\"sort\":50,\"desc\":\"文章标签\"},{\"id\":27,\"createdAt\":\"2022-12-17T07:45:27Z\",\"pid\":0,\"name\":\"话题标签\",\"value\":\"topic\",\"super\":0,\"sort\":50,\"desc\":\"话题标签\"}],\"total\":6,\"page\":1,\"pageSize\":10},\"costTime\":18.93709}', '2022-12-17 08:14:18', '2022-12-17 08:14:18', NULL);
COMMIT;

-- ----------------------------
-- Table structure for user
-- ----------------------------
DROP TABLE IF EXISTS `user`;
CREATE TABLE `user` (
  `id` bigint unsigned NOT NULL AUTO_INCREMENT,
  `uuid` varchar(64) CHARACTER SET utf8mb4 COLLATE utf8mb4_general_ci NOT NULL COMMENT '用户UUID',
  `userName` varchar(40) CHARACTER SET utf8mb4 COLLATE utf8mb4_general_ci NOT NULL COMMENT '用户登录名',
  `password` varchar(255) CHARACTER SET utf8mb4 COLLATE utf8mb4_general_ci NOT NULL COMMENT '用户登录密码',
  `nickName` varchar(40) CHARACTER SET utf8mb4 COLLATE utf8mb4_general_ci NOT NULL DEFAULT '系统用户' COMMENT '用户昵称',
  `headImg` varchar(255) CHARACTER SET utf8mb4 COLLATE utf8mb4_general_ci NOT NULL DEFAULT 'https://www.pubgmobile.com/cp/pubgpic/images/100001.png' COMMENT '用户头像',
  `authorityId` int NOT NULL DEFAULT '2' COMMENT '用户角色ID',
  `authorityIds` varchar(200) CHARACTER SET utf8mb4 COLLATE utf8mb4_general_ci NOT NULL COMMENT '多角色id',
  `phone` varchar(11) CHARACTER SET utf8mb4 COLLATE utf8mb4_general_ci NOT NULL COMMENT '手机号',
  `email` varchar(200) CHARACTER SET utf8mb4 COLLATE utf8mb4_general_ci NOT NULL COMMENT '邮箱',
  `enable` tinyint(1) NOT NULL DEFAULT '1' COMMENT '是否可用',
  `sideMode` varchar(5) CHARACTER SET utf8mb4 COLLATE utf8mb4_general_ci NOT NULL DEFAULT 'dark' COMMENT '用户侧边主题',
  `baseColor` varchar(10) CHARACTER SET utf8mb4 COLLATE utf8mb4_general_ci NOT NULL DEFAULT '#fff' COMMENT '基础颜色',
  `activeColor` varchar(10) CHARACTER SET utf8mb4 COLLATE utf8mb4_general_ci NOT NULL DEFAULT '#1890ff' COMMENT '活跃颜色',
  `createdAt` timestamp NULL DEFAULT NULL ON UPDATE CURRENT_TIMESTAMP,
  `updatedAt` timestamp NULL DEFAULT NULL,
  `deletedAt` timestamp NULL DEFAULT NULL,
  PRIMARY KEY (`id`) USING BTREE,
  UNIQUE KEY `idx_userName` (`userName`) USING BTREE,
  KEY `idx_deletedAt` (`deletedAt`) USING BTREE,
  KEY `idx_pasword` (`password`) USING BTREE
) ENGINE=InnoDB AUTO_INCREMENT=2 DEFAULT CHARSET=utf8mb4 COLLATE=utf8mb4_general_ci ROW_FORMAT=DYNAMIC COMMENT='管理端用户';

-- ----------------------------
-- Records of user
-- ----------------------------
BEGIN;
INSERT INTO `user` (`id`, `uuid`, `userName`, `password`, `nickName`, `headImg`, `authorityId`, `authorityIds`, `phone`, `email`, `enable`, `sideMode`, `baseColor`, `activeColor`, `createdAt`, `updatedAt`, `deletedAt`) VALUES (1, '3e006a79-a28b-4c6f-a084-99ac9c8ea2e9', 'admin', 'e10adc3949ba59abbe56e057f20f883e', '超级管理员', 'https://i.postimg.cc/Wb026mfD/logo.jpg', 1, '1,3', '15848606970', '490513975@qq.com', 1, 'dark', '#fff', '#1890ff', '2022-10-29 10:53:41', '2022-10-29 10:53:42', NULL);
COMMIT;

SET FOREIGN_KEY_CHECKS = 1;
